date,Team_Name,Average_Age
10/22/21,ATLANTA HAWKS,26.51
10/22/21,BOSTON CELTICS,24.36
10/22/21,BROOKLYN NETS,30.1
10/22/21,CHARLOTTE HORNETS,26.6
10/22/21,CHICAGO BULLS,26.37
10/22/21,CLEVELAND CAVALIERS,24.93
10/22/21,DALLAS MAVERICKS,27.9
10/22/21,DENVER NUGGETS,28.47
10/22/21,DETROIT PISTONS,24.91
10/22/21,GOLDEN STATE WARRIORS,28.8
10/22/21,HOUSTON ROCKETS,25.65
10/22/21,INDIANA PACERS,28.36
10/22/21,LOS ANGELES CLIPPERS,28.01
10/22/21,LOS ANGELES LAKERS,32.76
10/22/21,MEMPHIS GRIZZLIES,24.38
10/22/21,MIAMI HEAT,29.76
10/22/21,MILWAUKEE BUCKS,27.85
10/22/21,MINNESOTA TIMBERWOLVES,23.91
10/22/21,NEW ORLEANS PELICANS,25.92
10/22/21,NEW YORK KNICKS,26.49
10/22/21,OKLAHOMA CITY THUNDER,22.65
10/22/21,ORLANDO MAGIC,24.04
10/22/21,PHILADELPHIA 76ERS,27.14
10/22/21,PHOENIX SUNS,28.07
10/22/21,PORTLAND TRAIL BLAZERS,27.77
10/22/21,SACRAMENTO KINGS,26.52
10/22/21,SAN ANTONIO SPURS,24.9
10/22/21,TORONTO RAPTORS,25.7
10/22/21,UTAH JAZZ,29.15
10/22/21,WASHINGTON WIZARDS,26.72
10/24/21,ATLANTA HAWKS,26.51
10/24/21,BOSTON CELTICS,25.7
10/24/21,BROOKLYN NETS,30.7
10/24/21,CHARLOTTE HORNETS,26.7
10/24/21,CHICAGO BULLS,25.96
10/24/21,CLEVELAND CAVALIERS,24.93
10/24/21,DALLAS MAVERICKS,27.9
10/24/21,DENVER NUGGETS,28.47
10/24/21,DETROIT PISTONS,24.97
10/24/21,GOLDEN STATE WARRIORS,28.8
10/24/21,HOUSTON ROCKETS,25.88
10/24/21,INDIANA PACERS,27.49
10/24/21,LOS ANGELES CLIPPERS,28.72
10/24/21,LOS ANGELES LAKERS,31.91
10/24/21,MEMPHIS GRIZZLIES,24.38
10/24/21,MIAMI HEAT,29.32
10/24/21,MILWAUKEE BUCKS,27.85
10/24/21,MINNESOTA TIMBERWOLVES,24.76
10/24/21,NEW ORLEANS PELICANS,25.51
10/24/21,NEW YORK KNICKS,26.04
10/24/21,OKLAHOMA CITY THUNDER,23.6
10/24/21,ORLANDO MAGIC,24.04
10/24/21,PHILADELPHIA 76ERS,27.14
10/24/21,PHOENIX SUNS,28.04
10/24/21,PORTLAND TRAIL BLAZERS,27.77
10/24/21,SACRAMENTO KINGS,26.34
10/24/21,SAN ANTONIO SPURS,25.67
10/24/21,TORONTO RAPTORS,25.7
10/24/21,UTAH JAZZ,28.63
10/24/21,WASHINGTON WIZARDS,26.35
10/25/21,ATLANTA HAWKS,26.51
10/25/21,BOSTON CELTICS,25.7
10/25/21,BROOKLYN NETS,30.24
10/25/21,CHARLOTTE HORNETS,26.7
10/25/21,CHICAGO BULLS,25.96
10/25/21,CLEVELAND CAVALIERS,24.93
10/25/21,DALLAS MAVERICKS,27.9
10/25/21,DENVER NUGGETS,28.47
10/25/21,DETROIT PISTONS,24.97
10/25/21,GOLDEN STATE WARRIORS,28.81
10/25/21,HOUSTON ROCKETS,25.42
10/25/21,INDIANA PACERS,27.49
10/25/21,LOS ANGELES CLIPPERS,28.72
10/25/21,LOS ANGELES LAKERS,31.91
10/25/21,MEMPHIS GRIZZLIES,24.24
10/25/21,MIAMI HEAT,29.32
10/25/21,MILWAUKEE BUCKS,27.85
10/25/21,MINNESOTA TIMBERWOLVES,24.76
10/25/21,NEW ORLEANS PELICANS,25.51
10/25/21,NEW YORK KNICKS,26.9
10/25/21,OKLAHOMA CITY THUNDER,23.6
10/25/21,ORLANDO MAGIC,24.04
10/25/21,PHILADELPHIA 76ERS,26.71
10/25/21,PHOENIX SUNS,28.04
10/25/21,PORTLAND TRAIL BLAZERS,27.77
10/25/21,SACRAMENTO KINGS,26.34
10/25/21,SAN ANTONIO SPURS,25.67
10/25/21,TORONTO RAPTORS,25.7
10/25/21,UTAH JAZZ,28.63
10/25/21,WASHINGTON WIZARDS,26.35
10/26/21,ATLANTA HAWKS,27.28
10/26/21,BOSTON CELTICS,25.8
10/26/21,BROOKLYN NETS,30.02
10/26/21,CHARLOTTE HORNETS,26.45
10/26/21,CHICAGO BULLS,25.96
10/26/21,CLEVELAND CAVALIERS,24.93
10/26/21,DALLAS MAVERICKS,27.9
10/26/21,DENVER NUGGETS,27.8
10/26/21,DETROIT PISTONS,24.97
10/26/21,GOLDEN STATE WARRIORS,28.81
10/26/21,HOUSTON ROCKETS,25.42
10/26/21,INDIANA PACERS,27.06
10/26/21,LOS ANGELES CLIPPERS,28.05
10/26/21,LOS ANGELES LAKERS,31.91
10/26/21,MEMPHIS GRIZZLIES,24.24
10/26/21,MIAMI HEAT,29.32
10/26/21,MILWAUKEE BUCKS,27.94
10/26/21,MINNESOTA TIMBERWOLVES,24.76
10/26/21,NEW ORLEANS PELICANS,25.51
10/26/21,NEW YORK KNICKS,26.9
10/26/21,OKLAHOMA CITY THUNDER,23.6
10/26/21,ORLANDO MAGIC,24.32
10/26/21,PHILADELPHIA 76ERS,26.71
10/26/21,PHOENIX SUNS,28.04
10/26/21,PORTLAND TRAIL BLAZERS,27.38
10/26/21,SACRAMENTO KINGS,26.34
10/26/21,SAN ANTONIO SPURS,25.67
10/26/21,TORONTO RAPTORS,25.7
10/26/21,UTAH JAZZ,28.63
10/26/21,WASHINGTON WIZARDS,26.35
10/27/21,ATLANTA HAWKS,27.28
10/27/21,BOSTON CELTICS,25.8
10/27/21,BROOKLYN NETS,30.02
10/27/21,CHARLOTTE HORNETS,26.45
10/27/21,CHICAGO BULLS,25.96
10/27/21,CLEVELAND CAVALIERS,24.93
10/27/21,DALLAS MAVERICKS,27.54
10/27/21,DENVER NUGGETS,27.8
10/27/21,DETROIT PISTONS,24.97
10/27/21,GOLDEN STATE WARRIORS,28.58
10/27/21,HOUSTON ROCKETS,25.42
10/27/21,INDIANA PACERS,27.06
10/27/21,LOS ANGELES CLIPPERS,28.05
10/27/21,LOS ANGELES LAKERS,31.91
10/27/21,MEMPHIS GRIZZLIES,24.24
10/27/21,MIAMI HEAT,29.32
10/27/21,MILWAUKEE BUCKS,27.94
10/27/21,MINNESOTA TIMBERWOLVES,24.76
10/27/21,NEW ORLEANS PELICANS,25.51
10/27/21,NEW YORK KNICKS,26.9
10/27/21,OKLAHOMA CITY THUNDER,23.6
10/27/21,ORLANDO MAGIC,24.32
10/27/21,PHILADELPHIA 76ERS,26.23
10/27/21,PHOENIX SUNS,28.04
10/27/21,PORTLAND TRAIL BLAZERS,27.38
10/27/21,SACRAMENTO KINGS,26.34
10/27/21,SAN ANTONIO SPURS,25.68
10/27/21,TORONTO RAPTORS,25.7
10/27/21,UTAH JAZZ,28.63
10/27/21,WASHINGTON WIZARDS,26.35
10/28/21,ATLANTA HAWKS,27.78
10/28/21,BOSTON CELTICS,25.8
10/28/21,BROOKLYN NETS,30.02
10/28/21,CHARLOTTE HORNETS,26.45
10/28/21,CHICAGO BULLS,25.96
10/28/21,CLEVELAND CAVALIERS,24.87
10/28/21,DALLAS MAVERICKS,27.54
10/28/21,DENVER NUGGETS,27.8
10/28/21,DETROIT PISTONS,24.97
10/28/21,GOLDEN STATE WARRIORS,28.58
10/28/21,HOUSTON ROCKETS,25.42
10/28/21,INDIANA PACERS,27.06
10/28/21,LOS ANGELES CLIPPERS,28.05
10/28/21,LOS ANGELES LAKERS,31.91
10/28/21,MEMPHIS GRIZZLIES,24.34
10/28/21,MIAMI HEAT,29.32
10/28/21,MILWAUKEE BUCKS,27.79
10/28/21,MINNESOTA TIMBERWOLVES,24.76
10/28/21,NEW ORLEANS PELICANS,25.51
10/28/21,NEW YORK KNICKS,26.9
10/28/21,OKLAHOMA CITY THUNDER,23.6
10/28/21,ORLANDO MAGIC,24.32
10/28/21,PHILADELPHIA 76ERS,26.23
10/28/21,PHOENIX SUNS,28.04
10/28/21,PORTLAND TRAIL BLAZERS,27.38
10/28/21,SACRAMENTO KINGS,26.34
10/28/21,SAN ANTONIO SPURS,25.68
10/28/21,TORONTO RAPTORS,25.7
10/28/21,UTAH JAZZ,28.63
10/28/21,WASHINGTON WIZARDS,26.35
10/29/21,ATLANTA HAWKS,27.78
10/29/21,BOSTON CELTICS,25.8
10/29/21,BROOKLYN NETS,30.02
10/29/21,CHARLOTTE HORNETS,26.45
10/29/21,CHICAGO BULLS,25.76
10/29/21,CLEVELAND CAVALIERS,24.87
10/29/21,DALLAS MAVERICKS,27.54
10/29/21,DENVER NUGGETS,27.8
10/29/21,DETROIT PISTONS,24.97
10/29/21,GOLDEN STATE WARRIORS,28.58
10/29/21,HOUSTON ROCKETS,25.42
10/29/21,INDIANA PACERS,27.06
10/29/21,LOS ANGELES CLIPPERS,28.05
10/29/21,LOS ANGELES LAKERS,31.91
10/29/21,MEMPHIS GRIZZLIES,24.34
10/29/21,MIAMI HEAT,29.32
10/29/21,MILWAUKEE BUCKS,27.79
10/29/21,MINNESOTA TIMBERWOLVES,24.76
10/29/21,NEW ORLEANS PELICANS,25.51
10/29/21,NEW YORK KNICKS,26.9
10/29/21,OKLAHOMA CITY THUNDER,23.6
10/29/21,ORLANDO MAGIC,24.32
10/29/21,PHILADELPHIA 76ERS,26.15
10/29/21,PHOENIX SUNS,28.04
10/29/21,PORTLAND TRAIL BLAZERS,27.38
10/29/21,SACRAMENTO KINGS,26.34
10/29/21,SAN ANTONIO SPURS,25.68
10/29/21,TORONTO RAPTORS,25.7
10/29/21,UTAH JAZZ,28.63
10/29/21,WASHINGTON WIZARDS,26.35
10/30/21,ATLANTA HAWKS,27.78
10/30/21,BOSTON CELTICS,25.8
10/30/21,BROOKLYN NETS,30.02
10/30/21,CHARLOTTE HORNETS,26.45
10/30/21,CHICAGO BULLS,25.76
10/30/21,CLEVELAND CAVALIERS,25.13
10/30/21,DALLAS MAVERICKS,27.54
10/30/21,DENVER NUGGETS,27.8
10/30/21,DETROIT PISTONS,24.97
10/30/21,GOLDEN STATE WARRIORS,28.58
10/30/21,HOUSTON ROCKETS,25.42
10/30/21,INDIANA PACERS,27.06
10/30/21,LOS ANGELES CLIPPERS,28.05
10/30/21,LOS ANGELES LAKERS,31.91
10/30/21,MEMPHIS GRIZZLIES,24.34
10/30/21,MIAMI HEAT,29.32
10/30/21,MILWAUKEE BUCKS,27.79
10/30/21,MINNESOTA TIMBERWOLVES,24.76
10/30/21,NEW ORLEANS PELICANS,25.51
10/30/21,NEW YORK KNICKS,26.9
10/30/21,OKLAHOMA CITY THUNDER,23.6
10/30/21,ORLANDO MAGIC,24.32
10/30/21,PHILADELPHIA 76ERS,26.15
10/30/21,PHOENIX SUNS,28.04
10/30/21,PORTLAND TRAIL BLAZERS,27.38
10/30/21,SACRAMENTO KINGS,26.34
10/30/21,SAN ANTONIO SPURS,25.68
10/30/21,TORONTO RAPTORS,25.7
10/30/21,UTAH JAZZ,28.63
10/30/21,WASHINGTON WIZARDS,26.35
11/1/21,ATLANTA HAWKS,27.12
11/1/21,BOSTON CELTICS,26.06
11/1/21,BROOKLYN NETS,30.02
11/1/21,CHARLOTTE HORNETS,26.45
11/1/21,CHICAGO BULLS,25.68
11/1/21,CLEVELAND CAVALIERS,25.13
11/1/21,DALLAS MAVERICKS,27.54
11/1/21,DENVER NUGGETS,27.8
11/1/21,DETROIT PISTONS,24.62
11/1/21,GOLDEN STATE WARRIORS,28.58
11/1/21,HOUSTON ROCKETS,25.42
11/1/21,INDIANA PACERS,27.07
11/1/21,LOS ANGELES CLIPPERS,28.05
11/1/21,LOS ANGELES LAKERS,31.91
11/1/21,MEMPHIS GRIZZLIES,24.34
11/1/21,MIAMI HEAT,29.03
11/1/21,MILWAUKEE BUCKS,27.79
11/1/21,MINNESOTA TIMBERWOLVES,24.76
11/1/21,NEW ORLEANS PELICANS,25.51
11/1/21,NEW YORK KNICKS,26.9
11/1/21,OKLAHOMA CITY THUNDER,23.6
11/1/21,ORLANDO MAGIC,24.47
11/1/21,PHILADELPHIA 76ERS,26.15
11/1/21,PHOENIX SUNS,27.5
11/1/21,PORTLAND TRAIL BLAZERS,27.38
11/1/21,SACRAMENTO KINGS,26.34
11/1/21,SAN ANTONIO SPURS,25.68
11/1/21,TORONTO RAPTORS,25.7
11/1/21,UTAH JAZZ,28.63
11/1/21,WASHINGTON WIZARDS,26.35
11/2/21,ATLANTA HAWKS,27.12
11/2/21,BOSTON CELTICS,26.06
11/2/21,BROOKLYN NETS,30.02
11/2/21,CHARLOTTE HORNETS,26.45
11/2/21,CHICAGO BULLS,25.68
11/2/21,CLEVELAND CAVALIERS,25.13
11/2/21,DALLAS MAVERICKS,27.54
11/2/21,DENVER NUGGETS,27.8
11/2/21,DETROIT PISTONS,24.62
11/2/21,GOLDEN STATE WARRIORS,28.58
11/2/21,HOUSTON ROCKETS,25.42
11/2/21,INDIANA PACERS,27.01
11/2/21,LOS ANGELES CLIPPERS,28.05
11/2/21,LOS ANGELES LAKERS,31.91
11/2/21,MEMPHIS GRIZZLIES,24.34
11/2/21,MIAMI HEAT,29.03
11/2/21,MILWAUKEE BUCKS,27.79
11/2/21,MINNESOTA TIMBERWOLVES,24.76
11/2/21,NEW ORLEANS PELICANS,25.51
11/2/21,NEW YORK KNICKS,26.9
11/2/21,OKLAHOMA CITY THUNDER,23.6
11/2/21,ORLANDO MAGIC,24.47
11/2/21,PHILADELPHIA 76ERS,26.15
11/2/21,PHOENIX SUNS,27.5
11/2/21,PORTLAND TRAIL BLAZERS,27.62
11/2/21,SACRAMENTO KINGS,26.34
11/2/21,SAN ANTONIO SPURS,25.68
11/2/21,TORONTO RAPTORS,25.07
11/2/21,UTAH JAZZ,28.63
11/2/21,WASHINGTON WIZARDS,26.35
11/3/21,ATLANTA HAWKS,27.12
11/3/21,BOSTON CELTICS,26.06
11/3/21,BROOKLYN NETS,30.02
11/3/21,CHARLOTTE HORNETS,26.45
11/3/21,CHICAGO BULLS,25.68
11/3/21,CLEVELAND CAVALIERS,25.13
11/3/21,DALLAS MAVERICKS,27.1
11/3/21,DENVER NUGGETS,27.8
11/3/21,DETROIT PISTONS,24.62
11/3/21,GOLDEN STATE WARRIORS,28.58
11/3/21,HOUSTON ROCKETS,25.42
11/3/21,INDIANA PACERS,27.01
11/3/21,LOS ANGELES CLIPPERS,28.05
11/3/21,LOS ANGELES LAKERS,31.91
11/3/21,MEMPHIS GRIZZLIES,24.34
11/3/21,MIAMI HEAT,29.03
11/3/21,MILWAUKEE BUCKS,27.79
11/3/21,MINNESOTA TIMBERWOLVES,24.76
11/3/21,NEW ORLEANS PELICANS,25.51
11/3/21,NEW YORK KNICKS,26.9
11/3/21,OKLAHOMA CITY THUNDER,23.6
11/3/21,ORLANDO MAGIC,24.47
11/3/21,PHILADELPHIA 76ERS,26.15
11/3/21,PHOENIX SUNS,27.58
11/3/21,PORTLAND TRAIL BLAZERS,27.62
11/3/21,SACRAMENTO KINGS,26.34
11/3/21,SAN ANTONIO SPURS,25.68
11/3/21,TORONTO RAPTORS,25.07
11/3/21,UTAH JAZZ,28.63
11/3/21,WASHINGTON WIZARDS,26.35
11/4/21,ATLANTA HAWKS,27.12
11/4/21,BOSTON CELTICS,26.06
11/4/21,BROOKLYN NETS,30.02
11/4/21,CHARLOTTE HORNETS,26.45
11/4/21,CHICAGO BULLS,25.68
11/4/21,CLEVELAND CAVALIERS,25.13
11/4/21,DALLAS MAVERICKS,27.1
11/4/21,DENVER NUGGETS,27.8
11/4/21,DETROIT PISTONS,24.62
11/4/21,GOLDEN STATE WARRIORS,28.58
11/4/21,HOUSTON ROCKETS,25.42
11/4/21,INDIANA PACERS,27.01
11/4/21,LOS ANGELES CLIPPERS,28.05
11/4/21,LOS ANGELES LAKERS,31.91
11/4/21,MEMPHIS GRIZZLIES,24.34
11/4/21,MIAMI HEAT,29.03
11/4/21,MILWAUKEE BUCKS,27.79
11/4/21,MINNESOTA TIMBERWOLVES,24.56
11/4/21,NEW ORLEANS PELICANS,25.65
11/4/21,NEW YORK KNICKS,26.95
11/4/21,OKLAHOMA CITY THUNDER,23.6
11/4/21,ORLANDO MAGIC,24.47
11/4/21,PHILADELPHIA 76ERS,26.15
11/4/21,PHOENIX SUNS,27.58
11/4/21,PORTLAND TRAIL BLAZERS,27.62
11/4/21,SACRAMENTO KINGS,26.34
11/4/21,SAN ANTONIO SPURS,25.68
11/4/21,TORONTO RAPTORS,25.07
11/4/21,UTAH JAZZ,28.63
11/4/21,WASHINGTON WIZARDS,26.35
11/5/21,ATLANTA HAWKS,27.12
11/5/21,BOSTON CELTICS,26.06
11/5/21,BROOKLYN NETS,30.02
11/5/21,CHARLOTTE HORNETS,26.45
11/5/21,CHICAGO BULLS,25.68
11/5/21,CLEVELAND CAVALIERS,25.13
11/5/21,DALLAS MAVERICKS,27.1
11/5/21,DENVER NUGGETS,27.8
11/5/21,DETROIT PISTONS,24.62
11/5/21,GOLDEN STATE WARRIORS,28.58
11/5/21,HOUSTON ROCKETS,25.42
11/5/21,INDIANA PACERS,27.01
11/5/21,LOS ANGELES CLIPPERS,28.05
11/5/21,LOS ANGELES LAKERS,32.07
11/5/21,MEMPHIS GRIZZLIES,24.34
11/5/21,MIAMI HEAT,29.03
11/5/21,MILWAUKEE BUCKS,27.79
11/5/21,MINNESOTA TIMBERWOLVES,24.56
11/5/21,NEW ORLEANS PELICANS,25.65
11/5/21,NEW YORK KNICKS,26.95
11/5/21,OKLAHOMA CITY THUNDER,23.6
11/5/21,ORLANDO MAGIC,24.47
11/5/21,PHILADELPHIA 76ERS,26.15
11/5/21,PHOENIX SUNS,27.58
11/5/21,PORTLAND TRAIL BLAZERS,27.62
11/5/21,SACRAMENTO KINGS,26.34
11/5/21,SAN ANTONIO SPURS,25.68
11/5/21,TORONTO RAPTORS,25.07
11/5/21,UTAH JAZZ,28.63
11/5/21,WASHINGTON WIZARDS,26.35
11/7/21,ATLANTA HAWKS,27.12
11/7/21,BOSTON CELTICS,26.06
11/7/21,BROOKLYN NETS,30.02
11/7/21,CHARLOTTE HORNETS,26
11/7/21,CHICAGO BULLS,25.68
11/7/21,CLEVELAND CAVALIERS,25.13
11/7/21,DALLAS MAVERICKS,27.1
11/7/21,DENVER NUGGETS,27.8
11/7/21,DETROIT PISTONS,24.62
11/7/21,GOLDEN STATE WARRIORS,28.58
11/7/21,HOUSTON ROCKETS,25.42
11/7/21,INDIANA PACERS,27.01
11/7/21,LOS ANGELES CLIPPERS,28.05
11/7/21,LOS ANGELES LAKERS,32.07
11/7/21,MEMPHIS GRIZZLIES,23.97
11/7/21,MIAMI HEAT,29.03
11/7/21,MILWAUKEE BUCKS,27.79
11/7/21,MINNESOTA TIMBERWOLVES,24.56
11/7/21,NEW ORLEANS PELICANS,25.65
11/7/21,NEW YORK KNICKS,26.95
11/7/21,OKLAHOMA CITY THUNDER,23.6
11/7/21,ORLANDO MAGIC,24.47
11/7/21,PHILADELPHIA 76ERS,26.15
11/7/21,PHOENIX SUNS,27.58
11/7/21,PORTLAND TRAIL BLAZERS,27.62
11/7/21,SACRAMENTO KINGS,26.34
11/7/21,SAN ANTONIO SPURS,25.68
11/7/21,TORONTO RAPTORS,25.07
11/7/21,UTAH JAZZ,28.63
11/7/21,WASHINGTON WIZARDS,26.35
11/8/21,ATLANTA HAWKS,27.12
11/8/21,BOSTON CELTICS,26.06
11/8/21,BROOKLYN NETS,30.02
11/8/21,CHARLOTTE HORNETS,26
11/8/21,CHICAGO BULLS,25.68
11/8/21,CLEVELAND CAVALIERS,25.13
11/8/21,DALLAS MAVERICKS,27.1
11/8/21,DENVER NUGGETS,27.8
11/8/21,DETROIT PISTONS,24.62
11/8/21,GOLDEN STATE WARRIORS,28.58
11/8/21,HOUSTON ROCKETS,25.42
11/8/21,INDIANA PACERS,27.01
11/8/21,LOS ANGELES CLIPPERS,28.38
11/8/21,LOS ANGELES LAKERS,32.07
11/8/21,MEMPHIS GRIZZLIES,23.97
11/8/21,MIAMI HEAT,29.03
11/8/21,MILWAUKEE BUCKS,27.79
11/8/21,MINNESOTA TIMBERWOLVES,24.56
11/8/21,NEW ORLEANS PELICANS,25.65
11/8/21,NEW YORK KNICKS,26.95
11/8/21,OKLAHOMA CITY THUNDER,23.6
11/8/21,ORLANDO MAGIC,24.47
11/8/21,PHILADELPHIA 76ERS,26.15
11/8/21,PHOENIX SUNS,27.58
11/8/21,PORTLAND TRAIL BLAZERS,27.62
11/8/21,SACRAMENTO KINGS,26.34
11/8/21,SAN ANTONIO SPURS,25.68
11/8/21,TORONTO RAPTORS,25.26
11/8/21,UTAH JAZZ,28.63
11/8/21,WASHINGTON WIZARDS,26.35
11/9/21,ATLANTA HAWKS,27.12
11/9/21,BOSTON CELTICS,26.06
11/9/21,BROOKLYN NETS,30.02
11/9/21,CHARLOTTE HORNETS,26
11/9/21,CHICAGO BULLS,25.68
11/9/21,CLEVELAND CAVALIERS,25.13
11/9/21,DALLAS MAVERICKS,27.1
11/9/21,DENVER NUGGETS,27.8
11/9/21,DETROIT PISTONS,24.62
11/9/21,GOLDEN STATE WARRIORS,28.58
11/9/21,HOUSTON ROCKETS,25.42
11/9/21,INDIANA PACERS,27.01
11/9/21,LOS ANGELES CLIPPERS,28.38
11/9/21,LOS ANGELES LAKERS,32.07
11/9/21,MEMPHIS GRIZZLIES,23.97
11/9/21,MIAMI HEAT,29.03
11/9/21,MILWAUKEE BUCKS,27.79
11/9/21,MINNESOTA TIMBERWOLVES,24.56
11/9/21,NEW ORLEANS PELICANS,25.65
11/9/21,NEW YORK KNICKS,26.95
11/9/21,OKLAHOMA CITY THUNDER,23.6
11/9/21,ORLANDO MAGIC,24.47
11/9/21,PHILADELPHIA 76ERS,26.15
11/9/21,PHOENIX SUNS,27.58
11/9/21,PORTLAND TRAIL BLAZERS,27.62
11/9/21,SACRAMENTO KINGS,26.34
11/9/21,SAN ANTONIO SPURS,25.68
11/9/21,TORONTO RAPTORS,25.26
11/9/21,UTAH JAZZ,28.63
11/9/21,WASHINGTON WIZARDS,26.35
11/10/21,ATLANTA HAWKS,27.12
11/10/21,BOSTON CELTICS,26.06
11/10/21,BROOKLYN NETS,30.02
11/10/21,CHARLOTTE HORNETS,26
11/10/21,CHICAGO BULLS,25.68
11/10/21,CLEVELAND CAVALIERS,25.13
11/10/21,DALLAS MAVERICKS,27.1
11/10/21,DENVER NUGGETS,27.8
11/10/21,DETROIT PISTONS,24.62
11/10/21,GOLDEN STATE WARRIORS,28.58
11/10/21,HOUSTON ROCKETS,25.42
11/10/21,INDIANA PACERS,27.01
11/10/21,LOS ANGELES CLIPPERS,28.38
11/10/21,LOS ANGELES LAKERS,32.07
11/10/21,MEMPHIS GRIZZLIES,23.97
11/10/21,MIAMI HEAT,29.03
11/10/21,MILWAUKEE BUCKS,27.79
11/10/21,MINNESOTA TIMBERWOLVES,24.56
11/10/21,NEW ORLEANS PELICANS,25.65
11/10/21,NEW YORK KNICKS,26.95
11/10/21,OKLAHOMA CITY THUNDER,23.6
11/10/21,ORLANDO MAGIC,24.47
11/10/21,PHILADELPHIA 76ERS,26.15
11/10/21,PHOENIX SUNS,27.58
11/10/21,PORTLAND TRAIL BLAZERS,27.62
11/10/21,SACRAMENTO KINGS,26.34
11/10/21,SAN ANTONIO SPURS,25.68
11/10/21,TORONTO RAPTORS,25.26
11/10/21,UTAH JAZZ,28.63
11/10/21,WASHINGTON WIZARDS,26.35
11/11/21,ATLANTA HAWKS,27.12
11/11/21,BOSTON CELTICS,26.06
11/11/21,BROOKLYN NETS,30.02
11/11/21,CHARLOTTE HORNETS,26
11/11/21,CHICAGO BULLS,25.68
11/11/21,CLEVELAND CAVALIERS,25.13
11/11/21,DALLAS MAVERICKS,27.1
11/11/21,DENVER NUGGETS,26.87
11/11/21,DETROIT PISTONS,24.62
11/11/21,GOLDEN STATE WARRIORS,27.91
11/11/21,HOUSTON ROCKETS,25.42
11/11/21,INDIANA PACERS,27.01
11/11/21,LOS ANGELES CLIPPERS,28.38
11/11/21,LOS ANGELES LAKERS,32.07
11/11/21,MEMPHIS GRIZZLIES,24.09
11/11/21,MIAMI HEAT,29.55
11/11/21,MILWAUKEE BUCKS,27.79
11/11/21,MINNESOTA TIMBERWOLVES,24.56
11/11/21,NEW ORLEANS PELICANS,25.65
11/11/21,NEW YORK KNICKS,26.95
11/11/21,OKLAHOMA CITY THUNDER,23.6
11/11/21,ORLANDO MAGIC,24.47
11/11/21,PHILADELPHIA 76ERS,26.15
11/11/21,PHOENIX SUNS,27.58
11/11/21,PORTLAND TRAIL BLAZERS,27.62
11/11/21,SACRAMENTO KINGS,25.79
11/11/21,SAN ANTONIO SPURS,25.68
11/11/21,TORONTO RAPTORS,25.26
11/11/21,UTAH JAZZ,28.63
11/11/21,WASHINGTON WIZARDS,26.35
11/14/21,ATLANTA HAWKS,27.12
11/14/21,BOSTON CELTICS,26.06
11/14/21,BROOKLYN NETS,30.02
11/14/21,CHARLOTTE HORNETS,26
11/14/21,CHICAGO BULLS,25.55
11/14/21,CLEVELAND CAVALIERS,25.13
11/14/21,DALLAS MAVERICKS,27.1
11/14/21,DENVER NUGGETS,26.87
11/14/21,DETROIT PISTONS,24.62
11/14/21,GOLDEN STATE WARRIORS,27.91
11/14/21,HOUSTON ROCKETS,25.42
11/14/21,INDIANA PACERS,27.01
11/14/21,LOS ANGELES CLIPPERS,28.38
11/14/21,LOS ANGELES LAKERS,32.07
11/14/21,MEMPHIS GRIZZLIES,24.09
11/14/21,MIAMI HEAT,29.55
11/14/21,MILWAUKEE BUCKS,27.79
11/14/21,MINNESOTA TIMBERWOLVES,24.56
11/14/21,NEW ORLEANS PELICANS,25.65
11/14/21,NEW YORK KNICKS,26.95
11/14/21,OKLAHOMA CITY THUNDER,23.6
11/14/21,ORLANDO MAGIC,24.47
11/14/21,PHILADELPHIA 76ERS,26.15
11/14/21,PHOENIX SUNS,27.58
11/14/21,PORTLAND TRAIL BLAZERS,27.62
11/14/21,SACRAMENTO KINGS,25.79
11/14/21,SAN ANTONIO SPURS,25.68
11/14/21,TORONTO RAPTORS,25.26
11/14/21,UTAH JAZZ,28.63
11/14/21,WASHINGTON WIZARDS,26.58
11/15/21,ATLANTA HAWKS,27.12
11/15/21,BOSTON CELTICS,26.06
11/15/21,BROOKLYN NETS,30.02
11/15/21,CHARLOTTE HORNETS,26
11/15/21,CHICAGO BULLS,25.55
11/15/21,CLEVELAND CAVALIERS,25.13
11/15/21,DALLAS MAVERICKS,27.1
11/15/21,DENVER NUGGETS,26.87
11/15/21,DETROIT PISTONS,24.62
11/15/21,GOLDEN STATE WARRIORS,27.91
11/15/21,HOUSTON ROCKETS,25.42
11/15/21,INDIANA PACERS,27.01
11/15/21,LOS ANGELES CLIPPERS,28.38
11/15/21,LOS ANGELES LAKERS,31.22
11/15/21,MEMPHIS GRIZZLIES,24.09
11/15/21,MIAMI HEAT,29.55
11/15/21,MILWAUKEE BUCKS,27.79
11/15/21,MINNESOTA TIMBERWOLVES,24.56
11/15/21,NEW ORLEANS PELICANS,25.65
11/15/21,NEW YORK KNICKS,26.95
11/15/21,OKLAHOMA CITY THUNDER,23.55
11/15/21,ORLANDO MAGIC,24.47
11/15/21,PHILADELPHIA 76ERS,26.15
11/15/21,PHOENIX SUNS,27.58
11/15/21,PORTLAND TRAIL BLAZERS,27.62
11/15/21,SACRAMENTO KINGS,25.79
11/15/21,SAN ANTONIO SPURS,25.68
11/15/21,TORONTO RAPTORS,25.26
11/15/21,UTAH JAZZ,28.63
11/15/21,WASHINGTON WIZARDS,26.58
11/16/21,ATLANTA HAWKS,27.12
11/16/21,BOSTON CELTICS,26.06
11/16/21,BROOKLYN NETS,30.02
11/16/21,CHARLOTTE HORNETS,26
11/16/21,CHICAGO BULLS,25.28
11/16/21,CLEVELAND CAVALIERS,25.13
11/16/21,DALLAS MAVERICKS,27.1
11/16/21,DENVER NUGGETS,26.52
11/16/21,DETROIT PISTONS,24.62
11/16/21,GOLDEN STATE WARRIORS,27.91
11/16/21,HOUSTON ROCKETS,25.42
11/16/21,INDIANA PACERS,27.01
11/16/21,LOS ANGELES CLIPPERS,28.38
11/16/21,LOS ANGELES LAKERS,31.22
11/16/21,MEMPHIS GRIZZLIES,24.09
11/16/21,MIAMI HEAT,29.04
11/16/21,MILWAUKEE BUCKS,27.79
11/16/21,MINNESOTA TIMBERWOLVES,24.56
11/16/21,NEW ORLEANS PELICANS,25.65
11/16/21,NEW YORK KNICKS,26.95
11/16/21,OKLAHOMA CITY THUNDER,23.55
11/16/21,ORLANDO MAGIC,24.47
11/16/21,PHILADELPHIA 76ERS,26.15
11/16/21,PHOENIX SUNS,27.58
11/16/21,PORTLAND TRAIL BLAZERS,27.62
11/16/21,SACRAMENTO KINGS,25.79
11/16/21,SAN ANTONIO SPURS,25.68
11/16/21,TORONTO RAPTORS,25.26
11/16/21,UTAH JAZZ,28.63
11/16/21,WASHINGTON WIZARDS,26.58
11/17/21,ATLANTA HAWKS,27.12
11/17/21,BOSTON CELTICS,26.06
11/17/21,BROOKLYN NETS,30.02
11/17/21,CHARLOTTE HORNETS,26
11/17/21,CHICAGO BULLS,25.28
11/17/21,CLEVELAND CAVALIERS,25.13
11/17/21,DALLAS MAVERICKS,27.1
11/17/21,DENVER NUGGETS,26.52
11/17/21,DETROIT PISTONS,24.62
11/17/21,GOLDEN STATE WARRIORS,27.91
11/17/21,HOUSTON ROCKETS,25.42
11/17/21,INDIANA PACERS,27.01
11/17/21,LOS ANGELES CLIPPERS,27.73
11/17/21,LOS ANGELES LAKERS,31.22
11/17/21,MEMPHIS GRIZZLIES,24.09
11/17/21,MIAMI HEAT,29.04
11/17/21,MILWAUKEE BUCKS,27.79
11/17/21,MINNESOTA TIMBERWOLVES,24.56
11/17/21,NEW ORLEANS PELICANS,25.65
11/17/21,NEW YORK KNICKS,26.95
11/17/21,OKLAHOMA CITY THUNDER,23.55
11/17/21,ORLANDO MAGIC,24.47
11/17/21,PHILADELPHIA 76ERS,26.15
11/17/21,PHOENIX SUNS,27.58
11/17/21,PORTLAND TRAIL BLAZERS,27.62
11/17/21,SACRAMENTO KINGS,25.79
11/17/21,SAN ANTONIO SPURS,25.68
11/17/21,TORONTO RAPTORS,25.26
11/17/21,UTAH JAZZ,28.63
11/17/21,WASHINGTON WIZARDS,26.58
11/21/21,ATLANTA HAWKS,27.12
11/21/21,BOSTON CELTICS,25.92
11/21/21,BROOKLYN NETS,30.02
11/21/21,CHARLOTTE HORNETS,26
11/21/21,CHICAGO BULLS,25.28
11/21/21,CLEVELAND CAVALIERS,25.67
11/21/21,DALLAS MAVERICKS,27.1
11/21/21,DENVER NUGGETS,26.52
11/21/21,DETROIT PISTONS,24.62
11/21/21,GOLDEN STATE WARRIORS,27.91
11/21/21,HOUSTON ROCKETS,25.39
11/21/21,INDIANA PACERS,27.01
11/21/21,LOS ANGELES CLIPPERS,27.26
11/21/21,LOS ANGELES LAKERS,31.22
11/21/21,MEMPHIS GRIZZLIES,24.09
11/21/21,MIAMI HEAT,29.04
11/21/21,MILWAUKEE BUCKS,27.79
11/21/21,MINNESOTA TIMBERWOLVES,24.56
11/21/21,NEW ORLEANS PELICANS,25.65
11/21/21,NEW YORK KNICKS,26.95
11/21/21,OKLAHOMA CITY THUNDER,23.55
11/21/21,ORLANDO MAGIC,24.47
11/21/21,PHILADELPHIA 76ERS,26.15
11/21/21,PHOENIX SUNS,27.58
11/21/21,PORTLAND TRAIL BLAZERS,27.62
11/21/21,SACRAMENTO KINGS,25.79
11/21/21,SAN ANTONIO SPURS,25.68
11/21/21,TORONTO RAPTORS,25.26
11/21/21,UTAH JAZZ,29.17
11/21/21,WASHINGTON WIZARDS,26.07
11/22/21,ATLANTA HAWKS,27.12
11/22/21,BOSTON CELTICS,25.92
11/22/21,BROOKLYN NETS,30.02
11/22/21,CHARLOTTE HORNETS,26
11/22/21,CHICAGO BULLS,25.28
11/22/21,CLEVELAND CAVALIERS,25.67
11/22/21,DALLAS MAVERICKS,27.1
11/22/21,DENVER NUGGETS,26.52
11/22/21,DETROIT PISTONS,24.62
11/22/21,GOLDEN STATE WARRIORS,27.91
11/22/21,HOUSTON ROCKETS,25.39
11/22/21,INDIANA PACERS,27.01
11/22/21,LOS ANGELES CLIPPERS,27.26
11/22/21,LOS ANGELES LAKERS,31.22
11/22/21,MEMPHIS GRIZZLIES,24.09
11/22/21,MIAMI HEAT,29.04
11/22/21,MILWAUKEE BUCKS,27.79
11/22/21,MINNESOTA TIMBERWOLVES,24.56
11/22/21,NEW ORLEANS PELICANS,25.65
11/22/21,NEW YORK KNICKS,26.95
11/22/21,OKLAHOMA CITY THUNDER,23.55
11/22/21,ORLANDO MAGIC,24.47
11/22/21,PHILADELPHIA 76ERS,26.15
11/22/21,PHOENIX SUNS,27.58
11/22/21,PORTLAND TRAIL BLAZERS,27.62
11/22/21,SACRAMENTO KINGS,25.79
11/22/21,SAN ANTONIO SPURS,25.68
11/22/21,TORONTO RAPTORS,25.26
11/22/21,UTAH JAZZ,29.17
11/22/21,WASHINGTON WIZARDS,26.07
11/23/21,ATLANTA HAWKS,27.12
11/23/21,BOSTON CELTICS,25.92
11/23/21,BROOKLYN NETS,30.02
11/23/21,CHARLOTTE HORNETS,26
11/23/21,CHICAGO BULLS,25.28
11/23/21,CLEVELAND CAVALIERS,25.67
11/23/21,DALLAS MAVERICKS,27.1
11/23/21,DENVER NUGGETS,26.52
11/23/21,DETROIT PISTONS,24.62
11/23/21,GOLDEN STATE WARRIORS,27.91
11/23/21,HOUSTON ROCKETS,25.39
11/23/21,INDIANA PACERS,27.01
11/23/21,LOS ANGELES CLIPPERS,27.26
11/23/21,LOS ANGELES LAKERS,31.22
11/23/21,MEMPHIS GRIZZLIES,24.09
11/23/21,MIAMI HEAT,29.04
11/23/21,MILWAUKEE BUCKS,27.79
11/23/21,MINNESOTA TIMBERWOLVES,24.56
11/23/21,NEW ORLEANS PELICANS,25.65
11/23/21,NEW YORK KNICKS,26.95
11/23/21,OKLAHOMA CITY THUNDER,23.55
11/23/21,ORLANDO MAGIC,24.47
11/23/21,PHILADELPHIA 76ERS,26.15
11/23/21,PHOENIX SUNS,27.58
11/23/21,PORTLAND TRAIL BLAZERS,27.62
11/23/21,SACRAMENTO KINGS,25.79
11/23/21,SAN ANTONIO SPURS,25.68
11/23/21,TORONTO RAPTORS,25.26
11/23/21,UTAH JAZZ,29.17
11/23/21,WASHINGTON WIZARDS,26.07
11/24/21,ATLANTA HAWKS,27.12
11/24/21,BOSTON CELTICS,25.92
11/24/21,BROOKLYN NETS,30.02
11/24/21,CHARLOTTE HORNETS,26
11/24/21,CHICAGO BULLS,25.28
11/24/21,CLEVELAND CAVALIERS,25.67
11/24/21,DALLAS MAVERICKS,27.1
11/24/21,DENVER NUGGETS,26.52
11/24/21,DETROIT PISTONS,24.62
11/24/21,GOLDEN STATE WARRIORS,27.91
11/24/21,HOUSTON ROCKETS,25.39
11/24/21,INDIANA PACERS,27.01
11/24/21,LOS ANGELES CLIPPERS,27.26
11/24/21,LOS ANGELES LAKERS,31.22
11/24/21,MEMPHIS GRIZZLIES,24.09
11/24/21,MIAMI HEAT,29.04
11/24/21,MILWAUKEE BUCKS,27.79
11/24/21,MINNESOTA TIMBERWOLVES,24.56
11/24/21,NEW ORLEANS PELICANS,25.65
11/24/21,NEW YORK KNICKS,26.95
11/24/21,OKLAHOMA CITY THUNDER,23.55
11/24/21,ORLANDO MAGIC,24.47
11/24/21,PHILADELPHIA 76ERS,26.15
11/24/21,PHOENIX SUNS,27.58
11/24/21,PORTLAND TRAIL BLAZERS,27.62
11/24/21,SACRAMENTO KINGS,25.79
11/24/21,SAN ANTONIO SPURS,25.68
11/24/21,TORONTO RAPTORS,25.26
11/24/21,UTAH JAZZ,29.17
11/24/21,WASHINGTON WIZARDS,26.07
11/25/21,ATLANTA HAWKS,27.12
11/25/21,BOSTON CELTICS,25.92
11/25/21,BROOKLYN NETS,30.02
11/25/21,CHARLOTTE HORNETS,26
11/25/21,CHICAGO BULLS,25.28
11/25/21,CLEVELAND CAVALIERS,25.67
11/25/21,DALLAS MAVERICKS,27.1
11/25/21,DENVER NUGGETS,26.52
11/25/21,DETROIT PISTONS,24.62
11/25/21,GOLDEN STATE WARRIORS,27.91
11/25/21,HOUSTON ROCKETS,25.39
11/25/21,INDIANA PACERS,27.01
11/25/21,LOS ANGELES CLIPPERS,27.26
11/25/21,LOS ANGELES LAKERS,31.22
11/25/21,MEMPHIS GRIZZLIES,24.09
11/25/21,MIAMI HEAT,29.04
11/25/21,MILWAUKEE BUCKS,27.79
11/25/21,MINNESOTA TIMBERWOLVES,24.56
11/25/21,NEW ORLEANS PELICANS,25.65
11/25/21,NEW YORK KNICKS,26.95
11/25/21,OKLAHOMA CITY THUNDER,23.55
11/25/21,ORLANDO MAGIC,24.47
11/25/21,PHILADELPHIA 76ERS,26.15
11/25/21,PHOENIX SUNS,27.58
11/25/21,PORTLAND TRAIL BLAZERS,27.62
11/25/21,SACRAMENTO KINGS,25.79
11/25/21,SAN ANTONIO SPURS,25.68
11/25/21,TORONTO RAPTORS,25.39
11/25/21,UTAH JAZZ,29.17
11/25/21,WASHINGTON WIZARDS,26.07
11/26/21,ATLANTA HAWKS,27.12
11/26/21,BOSTON CELTICS,25.92
11/26/21,BROOKLYN NETS,30.02
11/26/21,CHARLOTTE HORNETS,26
11/26/21,CHICAGO BULLS,25.28
11/26/21,CLEVELAND CAVALIERS,25.67
11/26/21,DALLAS MAVERICKS,27.1
11/26/21,DENVER NUGGETS,26.52
11/26/21,DETROIT PISTONS,24.62
11/26/21,GOLDEN STATE WARRIORS,27.91
11/26/21,HOUSTON ROCKETS,25.39
11/26/21,INDIANA PACERS,27.01
11/26/21,LOS ANGELES CLIPPERS,27.26
11/26/21,LOS ANGELES LAKERS,31.22
11/26/21,MEMPHIS GRIZZLIES,24.09
11/26/21,MIAMI HEAT,29.04
11/26/21,MILWAUKEE BUCKS,27.79
11/26/21,MINNESOTA TIMBERWOLVES,24.56
11/26/21,NEW ORLEANS PELICANS,25.65
11/26/21,NEW YORK KNICKS,26.95
11/26/21,OKLAHOMA CITY THUNDER,23.55
11/26/21,ORLANDO MAGIC,24.47
11/26/21,PHILADELPHIA 76ERS,26.15
11/26/21,PHOENIX SUNS,27.58
11/26/21,PORTLAND TRAIL BLAZERS,27.62
11/26/21,SACRAMENTO KINGS,25.79
11/26/21,SAN ANTONIO SPURS,25.68
11/26/21,TORONTO RAPTORS,25.39
11/26/21,UTAH JAZZ,29.17
11/26/21,WASHINGTON WIZARDS,26.07
11/27/21,ATLANTA HAWKS,27.12
11/27/21,BOSTON CELTICS,25.92
11/27/21,BROOKLYN NETS,30.02
11/27/21,CHARLOTTE HORNETS,26
11/27/21,CHICAGO BULLS,25.28
11/27/21,CLEVELAND CAVALIERS,25.67
11/27/21,DALLAS MAVERICKS,27.1
11/27/21,DENVER NUGGETS,26.39
11/27/21,DETROIT PISTONS,24.62
11/27/21,GOLDEN STATE WARRIORS,27.91
11/27/21,HOUSTON ROCKETS,25.39
11/27/21,INDIANA PACERS,27.01
11/27/21,LOS ANGELES CLIPPERS,27.26
11/27/21,LOS ANGELES LAKERS,31.22
11/27/21,MEMPHIS GRIZZLIES,24.09
11/27/21,MIAMI HEAT,29.04
11/27/21,MILWAUKEE BUCKS,27.79
11/27/21,MINNESOTA TIMBERWOLVES,24.56
11/27/21,NEW ORLEANS PELICANS,25.65
11/27/21,NEW YORK KNICKS,26.61
11/27/21,OKLAHOMA CITY THUNDER,23.55
11/27/21,ORLANDO MAGIC,24.47
11/27/21,PHILADELPHIA 76ERS,26.15
11/27/21,PHOENIX SUNS,27.58
11/27/21,PORTLAND TRAIL BLAZERS,27.62
11/27/21,SACRAMENTO KINGS,25.79
11/27/21,SAN ANTONIO SPURS,25.16
11/27/21,TORONTO RAPTORS,25.39
11/27/21,UTAH JAZZ,29.17
11/27/21,WASHINGTON WIZARDS,26.07
11/29/21,ATLANTA HAWKS,27.12
11/29/21,BOSTON CELTICS,25.92
11/29/21,BROOKLYN NETS,30.02
11/29/21,CHARLOTTE HORNETS,26
11/29/21,CHICAGO BULLS,25.28
11/29/21,CLEVELAND CAVALIERS,25.67
11/29/21,DALLAS MAVERICKS,27.1
11/29/21,DENVER NUGGETS,26.39
11/29/21,DETROIT PISTONS,24.62
11/29/21,GOLDEN STATE WARRIORS,27.91
11/29/21,HOUSTON ROCKETS,25.39
11/29/21,INDIANA PACERS,27.01
11/29/21,LOS ANGELES CLIPPERS,27.26
11/29/21,LOS ANGELES LAKERS,31.22
11/29/21,MEMPHIS GRIZZLIES,24.09
11/29/21,MIAMI HEAT,29.04
11/29/21,MILWAUKEE BUCKS,27.79
11/29/21,MINNESOTA TIMBERWOLVES,24.56
11/29/21,NEW ORLEANS PELICANS,25.65
11/29/21,NEW YORK KNICKS,26.61
11/29/21,OKLAHOMA CITY THUNDER,23.55
11/29/21,ORLANDO MAGIC,24.47
11/29/21,PHILADELPHIA 76ERS,26.15
11/29/21,PHOENIX SUNS,27.58
11/29/21,PORTLAND TRAIL BLAZERS,27.62
11/29/21,SACRAMENTO KINGS,25.57
11/29/21,SAN ANTONIO SPURS,25.16
11/29/21,TORONTO RAPTORS,25.17
11/29/21,UTAH JAZZ,29.17
11/29/21,WASHINGTON WIZARDS,26.07
12/1/21,ATLANTA HAWKS,27.12
12/1/21,BOSTON CELTICS,25.92
12/1/21,BROOKLYN NETS,30.02
12/1/21,CHARLOTTE HORNETS,26
12/1/21,CHICAGO BULLS,25.28
12/1/21,CLEVELAND CAVALIERS,25.67
12/1/21,DALLAS MAVERICKS,27.1
12/1/21,DENVER NUGGETS,26.39
12/1/21,DETROIT PISTONS,24.62
12/1/21,GOLDEN STATE WARRIORS,27.91
12/1/21,HOUSTON ROCKETS,25.39
12/1/21,INDIANA PACERS,27.01
12/1/21,LOS ANGELES CLIPPERS,27.26
12/1/21,LOS ANGELES LAKERS,31.22
12/1/21,MEMPHIS GRIZZLIES,24.09
12/1/21,MIAMI HEAT,29.04
12/1/21,MILWAUKEE BUCKS,27.79
12/1/21,MINNESOTA TIMBERWOLVES,24.56
12/1/21,NEW ORLEANS PELICANS,25.65
12/1/21,NEW YORK KNICKS,26.61
12/1/21,OKLAHOMA CITY THUNDER,23.75
12/1/21,ORLANDO MAGIC,24.47
12/1/21,PHILADELPHIA 76ERS,26.15
12/1/21,PHOENIX SUNS,27.58
12/1/21,PORTLAND TRAIL BLAZERS,27.13
12/1/21,SACRAMENTO KINGS,25.57
12/1/21,SAN ANTONIO SPURS,25.16
12/1/21,TORONTO RAPTORS,25.17
12/1/21,UTAH JAZZ,29.17
12/1/21,WASHINGTON WIZARDS,26.07
12/2/21,ATLANTA HAWKS,27.12
12/2/21,BOSTON CELTICS,25.92
12/2/21,BROOKLYN NETS,30.02
12/2/21,CHARLOTTE HORNETS,26
12/2/21,CHICAGO BULLS,25.28
12/2/21,CLEVELAND CAVALIERS,25.67
12/2/21,DALLAS MAVERICKS,27.1
12/2/21,DENVER NUGGETS,26.39
12/2/21,DETROIT PISTONS,24.62
12/2/21,GOLDEN STATE WARRIORS,27.91
12/2/21,HOUSTON ROCKETS,25.39
12/2/21,INDIANA PACERS,27.01
12/2/21,LOS ANGELES CLIPPERS,26.75
12/2/21,LOS ANGELES LAKERS,31.22
12/2/21,MEMPHIS GRIZZLIES,24.09
12/2/21,MIAMI HEAT,29.04
12/2/21,MILWAUKEE BUCKS,28
12/2/21,MINNESOTA TIMBERWOLVES,24.56
12/2/21,NEW ORLEANS PELICANS,25.65
12/2/21,NEW YORK KNICKS,26.61
12/2/21,OKLAHOMA CITY THUNDER,23.75
12/2/21,ORLANDO MAGIC,24.47
12/2/21,PHILADELPHIA 76ERS,26.15
12/2/21,PHOENIX SUNS,27.58
12/2/21,PORTLAND TRAIL BLAZERS,27.13
12/2/21,SACRAMENTO KINGS,25.57
12/2/21,SAN ANTONIO SPURS,25.16
12/2/21,TORONTO RAPTORS,25.17
12/2/21,UTAH JAZZ,29.17
12/2/21,WASHINGTON WIZARDS,26.07
12/3/21,ATLANTA HAWKS,27.12
12/3/21,BOSTON CELTICS,25.92
12/3/21,BROOKLYN NETS,30.02
12/3/21,CHARLOTTE HORNETS,26
12/3/21,CHICAGO BULLS,25.28
12/3/21,CLEVELAND CAVALIERS,25.67
12/3/21,DALLAS MAVERICKS,27.1
12/3/21,DENVER NUGGETS,26.39
12/3/21,DETROIT PISTONS,24.62
12/3/21,GOLDEN STATE WARRIORS,27.91
12/3/21,HOUSTON ROCKETS,25.39
12/3/21,INDIANA PACERS,27.01
12/3/21,LOS ANGELES CLIPPERS,26.75
12/3/21,LOS ANGELES LAKERS,31.22
12/3/21,MEMPHIS GRIZZLIES,24.09
12/3/21,MIAMI HEAT,29.04
12/3/21,MILWAUKEE BUCKS,28
12/3/21,MINNESOTA TIMBERWOLVES,24.56
12/3/21,NEW ORLEANS PELICANS,25.65
12/3/21,NEW YORK KNICKS,26.61
12/3/21,OKLAHOMA CITY THUNDER,23.75
12/3/21,ORLANDO MAGIC,24.47
12/3/21,PHILADELPHIA 76ERS,26.15
12/3/21,PHOENIX SUNS,27.58
12/3/21,PORTLAND TRAIL BLAZERS,27.13
12/3/21,SACRAMENTO KINGS,25.57
12/3/21,SAN ANTONIO SPURS,25.16
12/3/21,TORONTO RAPTORS,25.17
12/3/21,UTAH JAZZ,29.17
12/3/21,WASHINGTON WIZARDS,26.07
12/4/21,ATLANTA HAWKS,27.12
12/4/21,BOSTON CELTICS,25.92
12/4/21,BROOKLYN NETS,30.02
12/4/21,CHARLOTTE HORNETS,26
12/4/21,CHICAGO BULLS,25.28
12/4/21,CLEVELAND CAVALIERS,25.67
12/4/21,DALLAS MAVERICKS,27.1
12/4/21,DENVER NUGGETS,26.39
12/4/21,DETROIT PISTONS,24.62
12/4/21,GOLDEN STATE WARRIORS,27.91
12/4/21,HOUSTON ROCKETS,25.39
12/4/21,INDIANA PACERS,27.01
12/4/21,LOS ANGELES CLIPPERS,26.75
12/4/21,LOS ANGELES LAKERS,31.22
12/4/21,MEMPHIS GRIZZLIES,24.09
12/4/21,MIAMI HEAT,29.04
12/4/21,MILWAUKEE BUCKS,28
12/4/21,MINNESOTA TIMBERWOLVES,24.52
12/4/21,NEW ORLEANS PELICANS,25.65
12/4/21,NEW YORK KNICKS,26.61
12/4/21,OKLAHOMA CITY THUNDER,23.75
12/4/21,ORLANDO MAGIC,24.47
12/4/21,PHILADELPHIA 76ERS,26.15
12/4/21,PHOENIX SUNS,27.55
12/4/21,PORTLAND TRAIL BLAZERS,27.13
12/4/21,SACRAMENTO KINGS,25.57
12/4/21,SAN ANTONIO SPURS,25.16
12/4/21,TORONTO RAPTORS,25.17
12/4/21,UTAH JAZZ,29.17
12/4/21,WASHINGTON WIZARDS,26.07
12/5/21,ATLANTA HAWKS,27.12
12/5/21,BOSTON CELTICS,25.92
12/5/21,BROOKLYN NETS,30.02
12/5/21,CHARLOTTE HORNETS,26
12/5/21,CHICAGO BULLS,25.28
12/5/21,CLEVELAND CAVALIERS,25.67
12/5/21,DALLAS MAVERICKS,27.1
12/5/21,DENVER NUGGETS,26.39
12/5/21,DETROIT PISTONS,24.62
12/5/21,GOLDEN STATE WARRIORS,27.91
12/5/21,HOUSTON ROCKETS,25.39
12/5/21,INDIANA PACERS,27.01
12/5/21,LOS ANGELES CLIPPERS,26.75
12/5/21,LOS ANGELES LAKERS,31.22
12/5/21,MEMPHIS GRIZZLIES,24.09
12/5/21,MIAMI HEAT,29.04
12/5/21,MILWAUKEE BUCKS,28.08
12/5/21,MINNESOTA TIMBERWOLVES,24.52
12/5/21,NEW ORLEANS PELICANS,25.65
12/5/21,NEW YORK KNICKS,26.61
12/5/21,OKLAHOMA CITY THUNDER,23.75
12/5/21,ORLANDO MAGIC,24.47
12/5/21,PHILADELPHIA 76ERS,26.15
12/5/21,PHOENIX SUNS,27.55
12/5/21,PORTLAND TRAIL BLAZERS,27.13
12/5/21,SACRAMENTO KINGS,25.57
12/5/21,SAN ANTONIO SPURS,25.16
12/5/21,TORONTO RAPTORS,25.17
12/5/21,UTAH JAZZ,29.17
12/5/21,WASHINGTON WIZARDS,26.07
12/6/21,ATLANTA HAWKS,27.12
12/6/21,BOSTON CELTICS,25.92
12/6/21,BROOKLYN NETS,30.02
12/6/21,CHARLOTTE HORNETS,25.48
12/6/21,CHICAGO BULLS,25.28
12/6/21,CLEVELAND CAVALIERS,25.67
12/6/21,DALLAS MAVERICKS,27.1
12/6/21,DENVER NUGGETS,26.39
12/6/21,DETROIT PISTONS,24.62
12/6/21,GOLDEN STATE WARRIORS,27.91
12/6/21,HOUSTON ROCKETS,25.39
12/6/21,INDIANA PACERS,27.01
12/6/21,LOS ANGELES CLIPPERS,26.75
12/6/21,LOS ANGELES LAKERS,31.22
12/6/21,MEMPHIS GRIZZLIES,24.09
12/6/21,MIAMI HEAT,29.04
12/6/21,MILWAUKEE BUCKS,28.08
12/6/21,MINNESOTA TIMBERWOLVES,24.52
12/6/21,NEW ORLEANS PELICANS,25.65
12/6/21,NEW YORK KNICKS,26.61
12/6/21,OKLAHOMA CITY THUNDER,23.75
12/6/21,ORLANDO MAGIC,24.47
12/6/21,PHILADELPHIA 76ERS,26.15
12/6/21,PHOENIX SUNS,27.55
12/6/21,PORTLAND TRAIL BLAZERS,27.13
12/6/21,SACRAMENTO KINGS,25.57
12/6/21,SAN ANTONIO SPURS,25.16
12/6/21,TORONTO RAPTORS,25.17
12/6/21,UTAH JAZZ,29.17
12/6/21,WASHINGTON WIZARDS,26.07
12/8/21,ATLANTA HAWKS,27.12
12/8/21,BOSTON CELTICS,25.92
12/8/21,BROOKLYN NETS,30.02
12/8/21,CHARLOTTE HORNETS,25.48
12/8/21,CHICAGO BULLS,25.41
12/8/21,CLEVELAND CAVALIERS,25.67
12/8/21,DALLAS MAVERICKS,27.1
12/8/21,DENVER NUGGETS,26.39
12/8/21,DETROIT PISTONS,24.62
12/8/21,GOLDEN STATE WARRIORS,27.91
12/8/21,HOUSTON ROCKETS,25.39
12/8/21,INDIANA PACERS,27.01
12/8/21,LOS ANGELES CLIPPERS,26.75
12/8/21,LOS ANGELES LAKERS,31.22
12/8/21,MEMPHIS GRIZZLIES,24.09
12/8/21,MIAMI HEAT,29.04
12/8/21,MILWAUKEE BUCKS,28.08
12/8/21,MINNESOTA TIMBERWOLVES,24.52
12/8/21,NEW ORLEANS PELICANS,25.65
12/8/21,NEW YORK KNICKS,26.61
12/8/21,OKLAHOMA CITY THUNDER,23.75
12/8/21,ORLANDO MAGIC,24.47
12/8/21,PHILADELPHIA 76ERS,26.15
12/8/21,PHOENIX SUNS,27.55
12/8/21,PORTLAND TRAIL BLAZERS,26.72
12/8/21,SACRAMENTO KINGS,25.57
12/8/21,SAN ANTONIO SPURS,25.16
12/8/21,TORONTO RAPTORS,25.17
12/8/21,UTAH JAZZ,29.17
12/8/21,WASHINGTON WIZARDS,26.07
12/9/21,ATLANTA HAWKS,27.12
12/9/21,BOSTON CELTICS,25.92
12/9/21,BROOKLYN NETS,29.45
12/9/21,CHARLOTTE HORNETS,25.48
12/9/21,CHICAGO BULLS,25.21
12/9/21,CLEVELAND CAVALIERS,25.67
12/9/21,DALLAS MAVERICKS,27.1
12/9/21,DENVER NUGGETS,26.39
12/9/21,DETROIT PISTONS,24.62
12/9/21,GOLDEN STATE WARRIORS,27.91
12/9/21,HOUSTON ROCKETS,25.39
12/9/21,INDIANA PACERS,27.01
12/9/21,LOS ANGELES CLIPPERS,26.75
12/9/21,LOS ANGELES LAKERS,31.22
12/9/21,MEMPHIS GRIZZLIES,24.07
12/9/21,MIAMI HEAT,29.04
12/9/21,MILWAUKEE BUCKS,28.08
12/9/21,MINNESOTA TIMBERWOLVES,24.52
12/9/21,NEW ORLEANS PELICANS,25.65
12/9/21,NEW YORK KNICKS,26.61
12/9/21,OKLAHOMA CITY THUNDER,23.75
12/9/21,ORLANDO MAGIC,24.47
12/9/21,PHILADELPHIA 76ERS,26.15
12/9/21,PHOENIX SUNS,27.55
12/9/21,PORTLAND TRAIL BLAZERS,26.72
12/9/21,SACRAMENTO KINGS,25.57
12/9/21,SAN ANTONIO SPURS,25.16
12/9/21,TORONTO RAPTORS,25.17
12/9/21,UTAH JAZZ,29.17
12/9/21,WASHINGTON WIZARDS,26.07
12/10/21,ATLANTA HAWKS,27.12
12/10/21,BOSTON CELTICS,25.92
12/10/21,BROOKLYN NETS,29.45
12/10/21,CHARLOTTE HORNETS,25.48
12/10/21,CHICAGO BULLS,25.21
12/10/21,CLEVELAND CAVALIERS,25.67
12/10/21,DALLAS MAVERICKS,27.1
12/10/21,DENVER NUGGETS,26.39
12/10/21,DETROIT PISTONS,24.62
12/10/21,GOLDEN STATE WARRIORS,27.91
12/10/21,HOUSTON ROCKETS,25.39
12/10/21,INDIANA PACERS,27.01
12/10/21,LOS ANGELES CLIPPERS,26.75
12/10/21,LOS ANGELES LAKERS,31.22
12/10/21,MEMPHIS GRIZZLIES,24.07
12/10/21,MIAMI HEAT,29.04
12/10/21,MILWAUKEE BUCKS,28.08
12/10/21,MINNESOTA TIMBERWOLVES,24.52
12/10/21,NEW ORLEANS PELICANS,25.65
12/10/21,NEW YORK KNICKS,26.61
12/10/21,OKLAHOMA CITY THUNDER,23.75
12/10/21,ORLANDO MAGIC,24.47
12/10/21,PHILADELPHIA 76ERS,26.15
12/10/21,PHOENIX SUNS,27.55
12/10/21,PORTLAND TRAIL BLAZERS,26.72
12/10/21,SACRAMENTO KINGS,25.57
12/10/21,SAN ANTONIO SPURS,25.16
12/10/21,TORONTO RAPTORS,25.17
12/10/21,UTAH JAZZ,29.17
12/10/21,WASHINGTON WIZARDS,26.07
12/11/21,ATLANTA HAWKS,27.12
12/11/21,BOSTON CELTICS,25.92
12/11/21,BROOKLYN NETS,29.45
12/11/21,CHARLOTTE HORNETS,24.85
12/11/21,CHICAGO BULLS,25.21
12/11/21,CLEVELAND CAVALIERS,25.67
12/11/21,DALLAS MAVERICKS,27.1
12/11/21,DENVER NUGGETS,26.39
12/11/21,DETROIT PISTONS,24.62
12/11/21,GOLDEN STATE WARRIORS,27.91
12/11/21,HOUSTON ROCKETS,25.39
12/11/21,INDIANA PACERS,27.01
12/11/21,LOS ANGELES CLIPPERS,26.75
12/11/21,LOS ANGELES LAKERS,31.22
12/11/21,MEMPHIS GRIZZLIES,24.07
12/11/21,MIAMI HEAT,29.04
12/11/21,MILWAUKEE BUCKS,28.08
12/11/21,MINNESOTA TIMBERWOLVES,24.52
12/11/21,NEW ORLEANS PELICANS,25.65
12/11/21,NEW YORK KNICKS,26.61
12/11/21,OKLAHOMA CITY THUNDER,23.75
12/11/21,ORLANDO MAGIC,24.47
12/11/21,PHILADELPHIA 76ERS,26.15
12/11/21,PHOENIX SUNS,27.55
12/11/21,PORTLAND TRAIL BLAZERS,26.72
12/11/21,SACRAMENTO KINGS,25.57
12/11/21,SAN ANTONIO SPURS,25.16
12/11/21,TORONTO RAPTORS,25.17
12/11/21,UTAH JAZZ,29.17
12/11/21,WASHINGTON WIZARDS,26.07
12/12/21,ATLANTA HAWKS,27.12
12/12/21,BOSTON CELTICS,25.92
12/12/21,BROOKLYN NETS,29.45
12/12/21,CHARLOTTE HORNETS,24.85
12/12/21,CHICAGO BULLS,25.44
12/12/21,CLEVELAND CAVALIERS,25.67
12/12/21,DALLAS MAVERICKS,27.1
12/12/21,DENVER NUGGETS,26.39
12/12/21,DETROIT PISTONS,24.62
12/12/21,GOLDEN STATE WARRIORS,27.91
12/12/21,HOUSTON ROCKETS,25.39
12/12/21,INDIANA PACERS,27.01
12/12/21,LOS ANGELES CLIPPERS,26.75
12/12/21,LOS ANGELES LAKERS,31.22
12/12/21,MEMPHIS GRIZZLIES,24.07
12/12/21,MIAMI HEAT,29.04
12/12/21,MILWAUKEE BUCKS,28.08
12/12/21,MINNESOTA TIMBERWOLVES,24.52
12/12/21,NEW ORLEANS PELICANS,25.65
12/12/21,NEW YORK KNICKS,26.61
12/12/21,OKLAHOMA CITY THUNDER,23.75
12/12/21,ORLANDO MAGIC,24.47
12/12/21,PHILADELPHIA 76ERS,26.15
12/12/21,PHOENIX SUNS,27.55
12/12/21,PORTLAND TRAIL BLAZERS,26.72
12/12/21,SACRAMENTO KINGS,25.57
12/12/21,SAN ANTONIO SPURS,25.16
12/12/21,TORONTO RAPTORS,25.17
12/12/21,UTAH JAZZ,29.17
12/12/21,WASHINGTON WIZARDS,26.07
12/13/21,ATLANTA HAWKS,27.12
12/13/21,BOSTON CELTICS,25.92
12/13/21,BROOKLYN NETS,29.45
12/13/21,CHARLOTTE HORNETS,24.85
12/13/21,CHICAGO BULLS,25.44
12/13/21,CLEVELAND CAVALIERS,25.67
12/13/21,DALLAS MAVERICKS,27.1
12/13/21,DENVER NUGGETS,26.39
12/13/21,DETROIT PISTONS,24.62
12/13/21,GOLDEN STATE WARRIORS,27.91
12/13/21,HOUSTON ROCKETS,25.39
12/13/21,INDIANA PACERS,27.01
12/13/21,LOS ANGELES CLIPPERS,26.75
12/13/21,LOS ANGELES LAKERS,31.22
12/13/21,MEMPHIS GRIZZLIES,24.07
12/13/21,MIAMI HEAT,29.04
12/13/21,MILWAUKEE BUCKS,28.08
12/13/21,MINNESOTA TIMBERWOLVES,24.52
12/13/21,NEW ORLEANS PELICANS,25.65
12/13/21,NEW YORK KNICKS,26.61
12/13/21,OKLAHOMA CITY THUNDER,23.75
12/13/21,ORLANDO MAGIC,24.47
12/13/21,PHILADELPHIA 76ERS,26.15
12/13/21,PHOENIX SUNS,27.55
12/13/21,PORTLAND TRAIL BLAZERS,26.34
12/13/21,SACRAMENTO KINGS,25.57
12/13/21,SAN ANTONIO SPURS,25.16
12/13/21,TORONTO RAPTORS,25.17
12/13/21,UTAH JAZZ,29.17
12/13/21,WASHINGTON WIZARDS,26.07
12/14/21,ATLANTA HAWKS,27.12
12/14/21,BOSTON CELTICS,25.92
12/14/21,BROOKLYN NETS,29.45
12/14/21,CHARLOTTE HORNETS,24.85
12/14/21,CHICAGO BULLS,25.44
12/14/21,CLEVELAND CAVALIERS,25.67
12/14/21,DALLAS MAVERICKS,27.1
12/14/21,DENVER NUGGETS,26.39
12/14/21,DETROIT PISTONS,24.62
12/14/21,GOLDEN STATE WARRIORS,27.91
12/14/21,HOUSTON ROCKETS,25.39
12/14/21,INDIANA PACERS,27.01
12/14/21,LOS ANGELES CLIPPERS,26.75
12/14/21,LOS ANGELES LAKERS,31.22
12/14/21,MEMPHIS GRIZZLIES,24.07
12/14/21,MIAMI HEAT,29.04
12/14/21,MILWAUKEE BUCKS,28.08
12/14/21,MINNESOTA TIMBERWOLVES,24.52
12/14/21,NEW ORLEANS PELICANS,25.65
12/14/21,NEW YORK KNICKS,26.61
12/14/21,OKLAHOMA CITY THUNDER,23.75
12/14/21,ORLANDO MAGIC,24.47
12/14/21,PHILADELPHIA 76ERS,26.15
12/14/21,PHOENIX SUNS,27.55
12/14/21,PORTLAND TRAIL BLAZERS,26.34
12/14/21,SACRAMENTO KINGS,25.57
12/14/21,SAN ANTONIO SPURS,25.16
12/14/21,TORONTO RAPTORS,25.17
12/14/21,UTAH JAZZ,29.17
12/14/21,WASHINGTON WIZARDS,26.07
12/15/21,ATLANTA HAWKS,27.12
12/15/21,BOSTON CELTICS,25.92
12/15/21,BROOKLYN NETS,28.34
12/15/21,CHARLOTTE HORNETS,24.85
12/15/21,CHICAGO BULLS,25.44
12/15/21,CLEVELAND CAVALIERS,25.67
12/15/21,DALLAS MAVERICKS,27.1
12/15/21,DENVER NUGGETS,26.39
12/15/21,DETROIT PISTONS,24.62
12/15/21,GOLDEN STATE WARRIORS,27.91
12/15/21,HOUSTON ROCKETS,25.39
12/15/21,INDIANA PACERS,27.01
12/15/21,LOS ANGELES CLIPPERS,26.75
12/15/21,LOS ANGELES LAKERS,31.22
12/15/21,MEMPHIS GRIZZLIES,24.07
12/15/21,MIAMI HEAT,29.04
12/15/21,MILWAUKEE BUCKS,28.08
12/15/21,MINNESOTA TIMBERWOLVES,24.28
12/15/21,NEW ORLEANS PELICANS,25.65
12/15/21,NEW YORK KNICKS,26.25
12/15/21,OKLAHOMA CITY THUNDER,23.75
12/15/21,ORLANDO MAGIC,24.47
12/15/21,PHILADELPHIA 76ERS,26.15
12/15/21,PHOENIX SUNS,27.55
12/15/21,PORTLAND TRAIL BLAZERS,26.34
12/15/21,SACRAMENTO KINGS,25.57
12/15/21,SAN ANTONIO SPURS,25.16
12/15/21,TORONTO RAPTORS,25.17
12/15/21,UTAH JAZZ,29.17
12/15/21,WASHINGTON WIZARDS,26.07
12/16/21,ATLANTA HAWKS,27.12
12/16/21,BOSTON CELTICS,25.92
12/16/21,BROOKLYN NETS,28.34
12/16/21,CHARLOTTE HORNETS,24.85
12/16/21,CHICAGO BULLS,25.44
12/16/21,CLEVELAND CAVALIERS,25.67
12/16/21,DALLAS MAVERICKS,27.1
12/16/21,DENVER NUGGETS,26.39
12/16/21,DETROIT PISTONS,24.62
12/16/21,GOLDEN STATE WARRIORS,27.91
12/16/21,HOUSTON ROCKETS,25
12/16/21,INDIANA PACERS,27.01
12/16/21,LOS ANGELES CLIPPERS,26.75
12/16/21,LOS ANGELES LAKERS,31.22
12/16/21,MEMPHIS GRIZZLIES,24.07
12/16/21,MIAMI HEAT,28.64
12/16/21,MILWAUKEE BUCKS,28.08
12/16/21,MINNESOTA TIMBERWOLVES,24.28
12/16/21,NEW ORLEANS PELICANS,25.65
12/16/21,NEW YORK KNICKS,26.25
12/16/21,OKLAHOMA CITY THUNDER,23.75
12/16/21,ORLANDO MAGIC,24.47
12/16/21,PHILADELPHIA 76ERS,26.15
12/16/21,PHOENIX SUNS,27.55
12/16/21,PORTLAND TRAIL BLAZERS,26.34
12/16/21,SACRAMENTO KINGS,25.57
12/16/21,SAN ANTONIO SPURS,25.22
12/16/21,TORONTO RAPTORS,25.17
12/16/21,UTAH JAZZ,29.17
12/16/21,WASHINGTON WIZARDS,26.07
12/17/21,ATLANTA HAWKS,27.12
12/17/21,BOSTON CELTICS,25.92
12/17/21,BROOKLYN NETS,28.44
12/17/21,CHARLOTTE HORNETS,24.85
12/17/21,CHICAGO BULLS,25.44
12/17/21,CLEVELAND CAVALIERS,25.67
12/17/21,DALLAS MAVERICKS,27.1
12/17/21,DENVER NUGGETS,26.39
12/17/21,DETROIT PISTONS,24.53
12/17/21,GOLDEN STATE WARRIORS,27.91
12/17/21,HOUSTON ROCKETS,25
12/17/21,INDIANA PACERS,27.01
12/17/21,LOS ANGELES CLIPPERS,26.75
12/17/21,LOS ANGELES LAKERS,31.22
12/17/21,MEMPHIS GRIZZLIES,24.07
12/17/21,MIAMI HEAT,28.64
12/17/21,MILWAUKEE BUCKS,28.08
12/17/21,MINNESOTA TIMBERWOLVES,24.28
12/17/21,NEW ORLEANS PELICANS,25.65
12/17/21,NEW YORK KNICKS,26.25
12/17/21,OKLAHOMA CITY THUNDER,23.75
12/17/21,ORLANDO MAGIC,24.47
12/17/21,PHILADELPHIA 76ERS,26.15
12/17/21,PHOENIX SUNS,27.55
12/17/21,PORTLAND TRAIL BLAZERS,26.34
12/17/21,SACRAMENTO KINGS,25.57
12/17/21,SAN ANTONIO SPURS,25.22
12/17/21,TORONTO RAPTORS,25.17
12/17/21,UTAH JAZZ,29.17
12/17/21,WASHINGTON WIZARDS,26.07
12/19/21,ATLANTA HAWKS,26.71
12/19/21,BOSTON CELTICS,25.85
12/19/21,BROOKLYN NETS,28.57
12/19/21,CHARLOTTE HORNETS,24.85
12/19/21,CHICAGO BULLS,25.44
12/19/21,CLEVELAND CAVALIERS,25.67
12/19/21,DALLAS MAVERICKS,27.1
12/19/21,DENVER NUGGETS,26.39
12/19/21,DETROIT PISTONS,24.53
12/19/21,GOLDEN STATE WARRIORS,27.68
12/19/21,HOUSTON ROCKETS,24.98
12/19/21,INDIANA PACERS,27.01
12/19/21,LOS ANGELES CLIPPERS,26.75
12/19/21,LOS ANGELES LAKERS,30.76
12/19/21,MEMPHIS GRIZZLIES,24.07
12/19/21,MIAMI HEAT,28.64
12/19/21,MILWAUKEE BUCKS,28.08
12/19/21,MINNESOTA TIMBERWOLVES,24.51
12/19/21,NEW ORLEANS PELICANS,25.65
12/19/21,NEW YORK KNICKS,26.3
12/19/21,OKLAHOMA CITY THUNDER,23.75
12/19/21,ORLANDO MAGIC,24.64
12/19/21,PHILADELPHIA 76ERS,26.15
12/19/21,PHOENIX SUNS,27.55
12/19/21,PORTLAND TRAIL BLAZERS,26.34
12/19/21,SACRAMENTO KINGS,25.29
12/19/21,SAN ANTONIO SPURS,25.22
12/19/21,TORONTO RAPTORS,25.17
12/19/21,UTAH JAZZ,29.17
12/19/21,WASHINGTON WIZARDS,26.07
12/20/21,ATLANTA HAWKS,26.71
12/20/21,BOSTON CELTICS,25.85
12/20/21,BROOKLYN NETS,28.57
12/20/21,CHARLOTTE HORNETS,24.85
12/20/21,CHICAGO BULLS,25.44
12/20/21,CLEVELAND CAVALIERS,25.67
12/20/21,DALLAS MAVERICKS,26.89
12/20/21,DENVER NUGGETS,26.39
12/20/21,DETROIT PISTONS,24.53
12/20/21,GOLDEN STATE WARRIORS,27.68
12/20/21,HOUSTON ROCKETS,24.98
12/20/21,INDIANA PACERS,27.01
12/20/21,LOS ANGELES CLIPPERS,26.75
12/20/21,LOS ANGELES LAKERS,31.11
12/20/21,MEMPHIS GRIZZLIES,24.07
12/20/21,MIAMI HEAT,28.64
12/20/21,MILWAUKEE BUCKS,28.08
12/20/21,MINNESOTA TIMBERWOLVES,24.51
12/20/21,NEW ORLEANS PELICANS,25.65
12/20/21,NEW YORK KNICKS,26.3
12/20/21,OKLAHOMA CITY THUNDER,23.75
12/20/21,ORLANDO MAGIC,24.64
12/20/21,PHILADELPHIA 76ERS,26.15
12/20/21,PHOENIX SUNS,27.55
12/20/21,PORTLAND TRAIL BLAZERS,26.34
12/20/21,SACRAMENTO KINGS,25.29
12/20/21,SAN ANTONIO SPURS,25.22
12/20/21,TORONTO RAPTORS,25.17
12/20/21,UTAH JAZZ,29.17
12/20/21,WASHINGTON WIZARDS,26.07
12/21/21,ATLANTA HAWKS,26.19
12/21/21,BOSTON CELTICS,25.85
12/21/21,BROOKLYN NETS,28.57
12/21/21,CHARLOTTE HORNETS,24.85
12/21/21,CHICAGO BULLS,25.44
12/21/21,CLEVELAND CAVALIERS,25.67
12/21/21,DALLAS MAVERICKS,26.89
12/21/21,DENVER NUGGETS,26.39
12/21/21,DETROIT PISTONS,24.53
12/21/21,GOLDEN STATE WARRIORS,27.68
12/21/21,HOUSTON ROCKETS,24.98
12/21/21,INDIANA PACERS,27.01
12/21/21,LOS ANGELES CLIPPERS,26.75
12/21/21,LOS ANGELES LAKERS,31.11
12/21/21,MEMPHIS GRIZZLIES,24.07
12/21/21,MIAMI HEAT,28.64
12/21/21,MILWAUKEE BUCKS,28.08
12/21/21,MINNESOTA TIMBERWOLVES,24.51
12/21/21,NEW ORLEANS PELICANS,25.65
12/21/21,NEW YORK KNICKS,26.3
12/21/21,OKLAHOMA CITY THUNDER,23.75
12/21/21,ORLANDO MAGIC,24.64
12/21/21,PHILADELPHIA 76ERS,25.76
12/21/21,PHOENIX SUNS,27.55
12/21/21,PORTLAND TRAIL BLAZERS,26.31
12/21/21,SACRAMENTO KINGS,25.29
12/21/21,SAN ANTONIO SPURS,25.22
12/21/21,TORONTO RAPTORS,25.17
12/21/21,UTAH JAZZ,29.17
12/21/21,WASHINGTON WIZARDS,26.07
12/22/21,ATLANTA HAWKS,26.19
12/22/21,BOSTON CELTICS,25.85
12/22/21,BROOKLYN NETS,28.57
12/22/21,CHARLOTTE HORNETS,24.85
12/22/21,CHICAGO BULLS,25.44
12/22/21,CLEVELAND CAVALIERS,25.67
12/22/21,DALLAS MAVERICKS,26.7
12/22/21,DENVER NUGGETS,26.39
12/22/21,DETROIT PISTONS,24.53
12/22/21,GOLDEN STATE WARRIORS,27.68
12/22/21,HOUSTON ROCKETS,24.98
12/22/21,INDIANA PACERS,27.01
12/22/21,LOS ANGELES CLIPPERS,26.75
12/22/21,LOS ANGELES LAKERS,31.11
12/22/21,MEMPHIS GRIZZLIES,24.07
12/22/21,MIAMI HEAT,28.64
12/22/21,MILWAUKEE BUCKS,28.08
12/22/21,MINNESOTA TIMBERWOLVES,24.51
12/22/21,NEW ORLEANS PELICANS,25.65
12/22/21,NEW YORK KNICKS,26.3
12/22/21,OKLAHOMA CITY THUNDER,23.75
12/22/21,ORLANDO MAGIC,24.64
12/22/21,PHILADELPHIA 76ERS,25.76
12/22/21,PHOENIX SUNS,27.55
12/22/21,PORTLAND TRAIL BLAZERS,26.31
12/22/21,SACRAMENTO KINGS,25.29
12/22/21,SAN ANTONIO SPURS,25.22
12/22/21,TORONTO RAPTORS,25.17
12/22/21,UTAH JAZZ,29.17
12/22/21,WASHINGTON WIZARDS,26.07
12/23/21,ATLANTA HAWKS,26.47
12/23/21,BOSTON CELTICS,25.85
12/23/21,BROOKLYN NETS,28.57
12/23/21,CHARLOTTE HORNETS,24.85
12/23/21,CHICAGO BULLS,25.44
12/23/21,CLEVELAND CAVALIERS,25.67
12/23/21,DALLAS MAVERICKS,26.7
12/23/21,DENVER NUGGETS,26.39
12/23/21,DETROIT PISTONS,24.53
12/23/21,GOLDEN STATE WARRIORS,27.68
12/23/21,HOUSTON ROCKETS,24.98
12/23/21,INDIANA PACERS,27.01
12/23/21,LOS ANGELES CLIPPERS,26.75
12/23/21,LOS ANGELES LAKERS,31.11
12/23/21,MEMPHIS GRIZZLIES,24.07
12/23/21,MIAMI HEAT,28.64
12/23/21,MILWAUKEE BUCKS,28.08
12/23/21,MINNESOTA TIMBERWOLVES,24.51
12/23/21,NEW ORLEANS PELICANS,25.65
12/23/21,NEW YORK KNICKS,26.3
12/23/21,OKLAHOMA CITY THUNDER,23.75
12/23/21,ORLANDO MAGIC,24.96
12/23/21,PHILADELPHIA 76ERS,25.76
12/23/21,PHOENIX SUNS,27.55
12/23/21,PORTLAND TRAIL BLAZERS,26.31
12/23/21,SACRAMENTO KINGS,25.32
12/23/21,SAN ANTONIO SPURS,25.22
12/23/21,TORONTO RAPTORS,25.17
12/23/21,UTAH JAZZ,29.17
12/23/21,WASHINGTON WIZARDS,26.07
12/24/21,ATLANTA HAWKS,26.49
12/24/21,BOSTON CELTICS,25.85
12/24/21,BROOKLYN NETS,28.57
12/24/21,CHARLOTTE HORNETS,24.85
12/24/21,CHICAGO BULLS,25.44
12/24/21,CLEVELAND CAVALIERS,25.67
12/24/21,DALLAS MAVERICKS,26.77
12/24/21,DENVER NUGGETS,26.39
12/24/21,DETROIT PISTONS,24.53
12/24/21,GOLDEN STATE WARRIORS,27.68
12/24/21,HOUSTON ROCKETS,24.98
12/24/21,INDIANA PACERS,27.01
12/24/21,LOS ANGELES CLIPPERS,26.75
12/24/21,LOS ANGELES LAKERS,30.84
12/24/21,MEMPHIS GRIZZLIES,24.07
12/24/21,MIAMI HEAT,28.64
12/24/21,MILWAUKEE BUCKS,28.08
12/24/21,MINNESOTA TIMBERWOLVES,24.51
12/24/21,NEW ORLEANS PELICANS,25.75
12/24/21,NEW YORK KNICKS,26.48
12/24/21,OKLAHOMA CITY THUNDER,23.75
12/24/21,ORLANDO MAGIC,24.96
12/24/21,PHILADELPHIA 76ERS,25.99
12/24/21,PHOENIX SUNS,27.55
12/24/21,PORTLAND TRAIL BLAZERS,26.31
12/24/21,SACRAMENTO KINGS,25.32
12/24/21,SAN ANTONIO SPURS,25.22
12/24/21,TORONTO RAPTORS,25.17
12/24/21,UTAH JAZZ,29.17
12/24/21,WASHINGTON WIZARDS,26.07
12/25/21,ATLANTA HAWKS,26.49
12/25/21,BOSTON CELTICS,25.85
12/25/21,BROOKLYN NETS,28.57
12/25/21,CHARLOTTE HORNETS,24.85
12/25/21,CHICAGO BULLS,25.44
12/25/21,CLEVELAND CAVALIERS,25.67
12/25/21,DALLAS MAVERICKS,26.77
12/25/21,DENVER NUGGETS,26.39
12/25/21,DETROIT PISTONS,24.53
12/25/21,GOLDEN STATE WARRIORS,27.68
12/25/21,HOUSTON ROCKETS,24.98
12/25/21,INDIANA PACERS,27.01
12/25/21,LOS ANGELES CLIPPERS,26.75
12/25/21,LOS ANGELES LAKERS,30.84
12/25/21,MEMPHIS GRIZZLIES,24.07
12/25/21,MIAMI HEAT,28.64
12/25/21,MILWAUKEE BUCKS,28.08
12/25/21,MINNESOTA TIMBERWOLVES,24.51
12/25/21,NEW ORLEANS PELICANS,25.75
12/25/21,NEW YORK KNICKS,26.48
12/25/21,OKLAHOMA CITY THUNDER,23.75
12/25/21,ORLANDO MAGIC,24.96
12/25/21,PHILADELPHIA 76ERS,25.99
12/25/21,PHOENIX SUNS,27.55
12/25/21,PORTLAND TRAIL BLAZERS,26.31
12/25/21,SACRAMENTO KINGS,25.32
12/25/21,SAN ANTONIO SPURS,25.22
12/25/21,TORONTO RAPTORS,25.17
12/25/21,UTAH JAZZ,29.17
12/25/21,WASHINGTON WIZARDS,26.07
12/26/21,ATLANTA HAWKS,26.49
12/26/21,BOSTON CELTICS,25.85
12/26/21,BROOKLYN NETS,28.57
12/26/21,CHARLOTTE HORNETS,24.85
12/26/21,CHICAGO BULLS,25.44
12/26/21,CLEVELAND CAVALIERS,25.67
12/26/21,DALLAS MAVERICKS,26.68
12/26/21,DENVER NUGGETS,26.39
12/26/21,DETROIT PISTONS,24.53
12/26/21,GOLDEN STATE WARRIORS,27.52
12/26/21,HOUSTON ROCKETS,24.98
12/26/21,INDIANA PACERS,27.01
12/26/21,LOS ANGELES CLIPPERS,26.75
12/26/21,LOS ANGELES LAKERS,30.73
12/26/21,MEMPHIS GRIZZLIES,24.07
12/26/21,MIAMI HEAT,28.64
12/26/21,MILWAUKEE BUCKS,27.91
12/26/21,MINNESOTA TIMBERWOLVES,24.51
12/26/21,NEW ORLEANS PELICANS,25.75
12/26/21,NEW YORK KNICKS,26.48
12/26/21,OKLAHOMA CITY THUNDER,23.75
12/26/21,ORLANDO MAGIC,24.96
12/26/21,PHILADELPHIA 76ERS,25.99
12/26/21,PHOENIX SUNS,27.55
12/26/21,PORTLAND TRAIL BLAZERS,26.31
12/26/21,SACRAMENTO KINGS,25.32
12/26/21,SAN ANTONIO SPURS,25.22
12/26/21,TORONTO RAPTORS,25.17
12/26/21,UTAH JAZZ,29.17
12/26/21,WASHINGTON WIZARDS,26.07
12/27/21,ATLANTA HAWKS,26.49
12/27/21,BOSTON CELTICS,25.85
12/27/21,BROOKLYN NETS,28.57
12/27/21,CHARLOTTE HORNETS,24.85
12/27/21,CHICAGO BULLS,25.44
12/27/21,CLEVELAND CAVALIERS,25.83
12/27/21,DALLAS MAVERICKS,26.68
12/27/21,DENVER NUGGETS,26.39
12/27/21,DETROIT PISTONS,24.36
12/27/21,GOLDEN STATE WARRIORS,27.52
12/27/21,HOUSTON ROCKETS,24.98
12/27/21,INDIANA PACERS,26.65
12/27/21,LOS ANGELES CLIPPERS,26.75
12/27/21,LOS ANGELES LAKERS,30.73
12/27/21,MEMPHIS GRIZZLIES,24.07
12/27/21,MIAMI HEAT,28.64
12/27/21,MILWAUKEE BUCKS,27.91
12/27/21,MINNESOTA TIMBERWOLVES,24.51
12/27/21,NEW ORLEANS PELICANS,25.64
12/27/21,NEW YORK KNICKS,26.48
12/27/21,OKLAHOMA CITY THUNDER,23.75
12/27/21,ORLANDO MAGIC,24.96
12/27/21,PHILADELPHIA 76ERS,25.99
12/27/21,PHOENIX SUNS,27.55
12/27/21,PORTLAND TRAIL BLAZERS,26.31
12/27/21,SACRAMENTO KINGS,25.32
12/27/21,SAN ANTONIO SPURS,25.22
12/27/21,TORONTO RAPTORS,24.93
12/27/21,UTAH JAZZ,29.17
12/27/21,WASHINGTON WIZARDS,25.88
12/28/21,ATLANTA HAWKS,26.34
12/28/21,BOSTON CELTICS,25.85
12/28/21,BROOKLYN NETS,28.57
12/28/21,CHARLOTTE HORNETS,24.85
12/28/21,CHICAGO BULLS,25.44
12/28/21,CLEVELAND CAVALIERS,25.83
12/28/21,DALLAS MAVERICKS,26.68
12/28/21,DENVER NUGGETS,26.39
12/28/21,DETROIT PISTONS,24.36
12/28/21,GOLDEN STATE WARRIORS,27.52
12/28/21,HOUSTON ROCKETS,24.67
12/28/21,INDIANA PACERS,26.65
12/28/21,LOS ANGELES CLIPPERS,26.76
12/28/21,LOS ANGELES LAKERS,30.73
12/28/21,MEMPHIS GRIZZLIES,24.07
12/28/21,MIAMI HEAT,28.64
12/28/21,MILWAUKEE BUCKS,27.91
12/28/21,MINNESOTA TIMBERWOLVES,24.94
12/28/21,NEW ORLEANS PELICANS,25.64
12/28/21,NEW YORK KNICKS,26.48
12/28/21,OKLAHOMA CITY THUNDER,23.75
12/28/21,ORLANDO MAGIC,24.96
12/28/21,PHILADELPHIA 76ERS,25.99
12/28/21,PHOENIX SUNS,27.55
12/28/21,PORTLAND TRAIL BLAZERS,26.18
12/28/21,SACRAMENTO KINGS,25.32
12/28/21,SAN ANTONIO SPURS,25.02
12/28/21,TORONTO RAPTORS,24.93
12/28/21,UTAH JAZZ,29.17
12/28/21,WASHINGTON WIZARDS,25.88
12/29/21,ATLANTA HAWKS,26.34
12/29/21,BOSTON CELTICS,25.85
12/29/21,BROOKLYN NETS,28.57
12/29/21,CHARLOTTE HORNETS,24.85
12/29/21,CHICAGO BULLS,25.44
12/29/21,CLEVELAND CAVALIERS,25.83
12/29/21,DALLAS MAVERICKS,26.68
12/29/21,DENVER NUGGETS,26.39
12/29/21,DETROIT PISTONS,24.36
12/29/21,GOLDEN STATE WARRIORS,27.52
12/29/21,HOUSTON ROCKETS,24.67
12/29/21,INDIANA PACERS,26.65
12/29/21,LOS ANGELES CLIPPERS,26.76
12/29/21,LOS ANGELES LAKERS,30.73
12/29/21,MEMPHIS GRIZZLIES,24.07
12/29/21,MIAMI HEAT,28.64
12/29/21,MILWAUKEE BUCKS,27.91
12/29/21,MINNESOTA TIMBERWOLVES,24.94
12/29/21,NEW ORLEANS PELICANS,25.64
12/29/21,NEW YORK KNICKS,26.48
12/29/21,OKLAHOMA CITY THUNDER,23.75
12/29/21,ORLANDO MAGIC,24.96
12/29/21,PHILADELPHIA 76ERS,25.99
12/29/21,PHOENIX SUNS,27.55
12/29/21,PORTLAND TRAIL BLAZERS,26.18
12/29/21,SACRAMENTO KINGS,25.32
12/29/21,SAN ANTONIO SPURS,25.02
12/29/21,TORONTO RAPTORS,24.93
12/29/21,UTAH JAZZ,29.17
12/29/21,WASHINGTON WIZARDS,25.88
12/30/21,ATLANTA HAWKS,26.34
12/30/21,BOSTON CELTICS,25.85
12/30/21,BROOKLYN NETS,28.57
12/30/21,CHARLOTTE HORNETS,24.85
12/30/21,CHICAGO BULLS,25.44
12/30/21,CLEVELAND CAVALIERS,25.83
12/30/21,DALLAS MAVERICKS,26.68
12/30/21,DENVER NUGGETS,26.39
12/30/21,DETROIT PISTONS,24.36
12/30/21,GOLDEN STATE WARRIORS,27.52
12/30/21,HOUSTON ROCKETS,24.67
12/30/21,INDIANA PACERS,26.65
12/30/21,LOS ANGELES CLIPPERS,26.76
12/30/21,LOS ANGELES LAKERS,30.73
12/30/21,MEMPHIS GRIZZLIES,24.07
12/30/21,MIAMI HEAT,28.64
12/30/21,MILWAUKEE BUCKS,27.91
12/30/21,MINNESOTA TIMBERWOLVES,24.94
12/30/21,NEW ORLEANS PELICANS,25.64
12/30/21,NEW YORK KNICKS,26.48
12/30/21,OKLAHOMA CITY THUNDER,23.69
12/30/21,ORLANDO MAGIC,24.96
12/30/21,PHILADELPHIA 76ERS,25.99
12/30/21,PHOENIX SUNS,27.55
12/30/21,PORTLAND TRAIL BLAZERS,26.18
12/30/21,SACRAMENTO KINGS,25.32
12/30/21,SAN ANTONIO SPURS,25.02
12/30/21,TORONTO RAPTORS,24.93
12/30/21,UTAH JAZZ,29.17
12/30/21,WASHINGTON WIZARDS,25.82
12/31/21,ATLANTA HAWKS,26.3
12/31/21,BOSTON CELTICS,25.85
12/31/21,BROOKLYN NETS,28.57
12/31/21,CHARLOTTE HORNETS,24.85
12/31/21,CHICAGO BULLS,25.44
12/31/21,CLEVELAND CAVALIERS,25.77
12/31/21,DALLAS MAVERICKS,26.94
12/31/21,DENVER NUGGETS,26.39
12/31/21,DETROIT PISTONS,24.47
12/31/21,GOLDEN STATE WARRIORS,27.52
12/31/21,HOUSTON ROCKETS,24.67
12/31/21,INDIANA PACERS,26.72
12/31/21,LOS ANGELES CLIPPERS,26.76
12/31/21,LOS ANGELES LAKERS,30.73
12/31/21,MEMPHIS GRIZZLIES,24.11
12/31/21,MIAMI HEAT,28.64
12/31/21,MILWAUKEE BUCKS,27.91
12/31/21,MINNESOTA TIMBERWOLVES,24.94
12/31/21,NEW ORLEANS PELICANS,25.64
12/31/21,NEW YORK KNICKS,26.48
12/31/21,OKLAHOMA CITY THUNDER,24.12
12/31/21,ORLANDO MAGIC,24.96
12/31/21,PHILADELPHIA 76ERS,25.99
12/31/21,PHOENIX SUNS,27.55
12/31/21,PORTLAND TRAIL BLAZERS,25.93
12/31/21,SACRAMENTO KINGS,25.32
12/31/21,SAN ANTONIO SPURS,25.02
12/31/21,TORONTO RAPTORS,24.93
12/31/21,UTAH JAZZ,29.17
12/31/21,WASHINGTON WIZARDS,26.2
1/1/22,ATLANTA HAWKS,26.3
1/1/22,BOSTON CELTICS,25.85
1/1/22,BROOKLYN NETS,28.57
1/1/22,CHARLOTTE HORNETS,24.85
1/1/22,CHICAGO BULLS,25.44
1/1/22,CLEVELAND CAVALIERS,25.79
1/1/22,DALLAS MAVERICKS,26.94
1/1/22,DENVER NUGGETS,26.39
1/1/22,DETROIT PISTONS,24.47
1/1/22,GOLDEN STATE WARRIORS,27.52
1/1/22,HOUSTON ROCKETS,24.67
1/1/22,INDIANA PACERS,26.46
1/1/22,LOS ANGELES CLIPPERS,26.76
1/1/22,LOS ANGELES LAKERS,30.73
1/1/22,MEMPHIS GRIZZLIES,24.1
1/1/22,MIAMI HEAT,27.99
1/1/22,MILWAUKEE BUCKS,27.91
1/1/22,MINNESOTA TIMBERWOLVES,24.94
1/1/22,NEW ORLEANS PELICANS,25.64
1/1/22,NEW YORK KNICKS,26.48
1/1/22,OKLAHOMA CITY THUNDER,24.12
1/1/22,ORLANDO MAGIC,24.96
1/1/22,PHILADELPHIA 76ERS,25.99
1/1/22,PHOENIX SUNS,27.16
1/1/22,PORTLAND TRAIL BLAZERS,25.93
1/1/22,SACRAMENTO KINGS,25.32
1/1/22,SAN ANTONIO SPURS,25.02
1/1/22,TORONTO RAPTORS,24.93
1/1/22,UTAH JAZZ,29.17
1/1/22,WASHINGTON WIZARDS,26.2
1/2/22,ATLANTA HAWKS,26.3
1/2/22,BOSTON CELTICS,25.85
1/2/22,BROOKLYN NETS,28.57
1/2/22,CHARLOTTE HORNETS,24.85
1/2/22,CHICAGO BULLS,25.44
1/2/22,CLEVELAND CAVALIERS,25.79
1/2/22,DALLAS MAVERICKS,26.94
1/2/22,DENVER NUGGETS,26.39
1/2/22,DETROIT PISTONS,24.55
1/2/22,GOLDEN STATE WARRIORS,27.52
1/2/22,HOUSTON ROCKETS,24.67
1/2/22,INDIANA PACERS,26.46
1/2/22,LOS ANGELES CLIPPERS,26.89
1/2/22,LOS ANGELES LAKERS,30.73
1/2/22,MEMPHIS GRIZZLIES,24.1
1/2/22,MIAMI HEAT,27.99
1/2/22,MILWAUKEE BUCKS,27.91
1/2/22,MINNESOTA TIMBERWOLVES,24.94
1/2/22,NEW ORLEANS PELICANS,25.64
1/2/22,NEW YORK KNICKS,26.48
1/2/22,OKLAHOMA CITY THUNDER,24.12
1/2/22,ORLANDO MAGIC,24.96
1/2/22,PHILADELPHIA 76ERS,25.99
1/2/22,PHOENIX SUNS,27.16
1/2/22,PORTLAND TRAIL BLAZERS,25.93
1/2/22,SACRAMENTO KINGS,25.32
1/2/22,SAN ANTONIO SPURS,25.02
1/2/22,TORONTO RAPTORS,24.93
1/2/22,UTAH JAZZ,29.17
1/2/22,WASHINGTON WIZARDS,26.07
1/3/22,ATLANTA HAWKS,26.3
1/3/22,BOSTON CELTICS,25.69
1/3/22,BROOKLYN NETS,28.57
1/3/22,CHARLOTTE HORNETS,24.85
1/3/22,CHICAGO BULLS,25.44
1/3/22,CLEVELAND CAVALIERS,25.79
1/3/22,DALLAS MAVERICKS,26.94
1/3/22,DENVER NUGGETS,26.39
1/3/22,DETROIT PISTONS,24.55
1/3/22,GOLDEN STATE WARRIORS,27.52
1/3/22,HOUSTON ROCKETS,24.67
1/3/22,INDIANA PACERS,26.79
1/3/22,LOS ANGELES CLIPPERS,26.89
1/3/22,LOS ANGELES LAKERS,30.73
1/3/22,MEMPHIS GRIZZLIES,24.1
1/3/22,MIAMI HEAT,27.99
1/3/22,MILWAUKEE BUCKS,27.91
1/3/22,MINNESOTA TIMBERWOLVES,24.94
1/3/22,NEW ORLEANS PELICANS,25.64
1/3/22,NEW YORK KNICKS,26.48
1/3/22,OKLAHOMA CITY THUNDER,24.12
1/3/22,ORLANDO MAGIC,24.96
1/3/22,PHILADELPHIA 76ERS,25.99
1/3/22,PHOENIX SUNS,27.28
1/3/22,PORTLAND TRAIL BLAZERS,25.93
1/3/22,SACRAMENTO KINGS,25.32
1/3/22,SAN ANTONIO SPURS,25.02
1/3/22,TORONTO RAPTORS,24.93
1/3/22,UTAH JAZZ,29.17
1/3/22,WASHINGTON WIZARDS,26.07